#        weight    minuslogpost              H0          omegam           rdrag        omegamh2        H0_local          hrdrag       chi2__BAO   minuslogprior minuslogprior__0            chi2 chi2__bao.desi_dr2.desi_bao_all
              1       13.929939       67.500941      0.31775462          147.09      0.14478099       67.500941       99.287135       21.868414       2.9957323        2.9957323       21.868414                       21.868414
              1       14.587081       67.303175      0.32304578          147.09      0.14633061       67.303175        98.99624       23.182698       2.9957323        2.9957323       23.182698                       23.182698
              3       9.7478555        68.27748      0.31282378          147.09      0.14583264        68.27748       100.42935       13.504246       2.9957323        2.9957323       13.504246                       13.504246
              9       9.9277613       68.718206      0.30830566          147.09      0.14558784       68.718206       101.07761       13.864058       2.9957323        2.9957323       13.864058                       13.864058
              8       9.5958223       69.755572      0.28898401          147.09      0.14061499       69.755572       102.60347        13.20018       2.9957323        2.9957323        13.20018                        13.20018
              2       8.6430169       69.474556      0.28869801          147.09      0.13934627       69.474556       102.19012       11.294569       2.9957323        2.9957323       11.294569                       11.294569
              2       8.1766115        69.01533      0.29843159          147.09      0.14214642        69.01533       101.51465       10.361759       2.9957323        2.9957323       10.361759                       10.361759
              3        9.288925       68.347515      0.31053831          147.09      0.14506433       68.347515       100.53236       12.586385       2.9957323        2.9957323       12.586385                       12.586385
             66       8.6160398        69.43561      0.28907073          147.09      0.13936978        69.43561       102.13284       11.240615       2.9957323        2.9957323       11.240615                       11.240615
              5       9.8696568       68.758921      0.30761685          147.09      0.14543476       68.758921        101.1375       13.747849       2.9957323        2.9957323       13.747849                       13.747849
              3       11.132627       68.806543      0.30897256          147.09      0.14627813       68.806543       101.20754       16.273789       2.9957323        2.9957323       16.273789                       16.273789
              4       12.000949       68.786374      0.31043827          147.09      0.14688589       68.786374       101.17788       18.010434       2.9957323        2.9957323       18.010434                       18.010434
              4       9.2329411       69.229664      0.28949583          147.09      0.13874801       69.229664       101.82991       12.474418       2.9957323        2.9957323       12.474418                       12.474418
              6       8.1419003       69.084714      0.29648361          147.09      0.14150266       69.084714       101.61671       10.292336       2.9957323        2.9957323       10.292336                       10.292336
             12       8.4610345       69.070869      0.29401158          147.09       0.1402666       69.070869       101.59634       10.930604       2.9957323        2.9957323       10.930604                       10.930604
              1       10.484762       69.047098      0.30423559          147.09      0.14504437       69.047098       101.56138       14.978059       2.9957323        2.9957323       14.978059                       14.978059
              3        9.446571       69.556226      0.28507531          147.09      0.13792139       69.556226       102.31025       12.901677       2.9957323        2.9957323       12.901677                       12.901677
              6       8.6503352       69.523842      0.28861917          147.09      0.13950594       69.523842       102.26262       11.309206       2.9957323        2.9957323       11.309206                       11.309206
              1       8.2561991       68.925155      0.29753623          147.09      0.14134985       68.925155       101.38201       10.520934       2.9957323        2.9957323       10.520934                       10.520934
              3       12.021914       67.924126      0.30979725          147.09      0.14293075       67.924126       99.909597       18.052363       2.9957323        2.9957323       18.052363                       18.052363
             44       8.5229538       68.691323      0.30454101          147.09      0.14369761       68.691323       101.03807       11.054443       2.9957323        2.9957323       11.054443                       11.054443
             30       8.8517754       68.509897      0.30382834          147.09      0.14260505       68.509897       100.77121       11.712086       2.9957323        2.9957323       11.712086                       11.712086
             17       8.2125679       69.189379      0.29396736          147.09      0.14072718       69.189379       101.77066       10.433671       2.9957323        2.9957323       10.433671                       10.433671
             16       8.5284934       69.461227      0.28967913          147.09      0.13976619       69.461227       102.17052       11.065522       2.9957323        2.9957323       11.065522                       11.065522
             18       8.3144121       69.243031      0.29251204          147.09      0.14024774       69.243031       101.84957        10.63736       2.9957323        2.9957323        10.63736                        10.63736
              9       8.6133773       69.387522      0.28945838          147.09      0.13936345       69.387522       102.06211        11.23529       2.9957323        2.9957323        11.23529                        11.23529
              3        8.605017       69.399996      0.28939246          147.09      0.13938181       69.399996       102.08045       11.218569       2.9957323        2.9957323       11.218569                       11.218569
              9       9.3181159       69.652872        0.290547          147.09      0.14095953       69.652872       102.45241       12.644767       2.9957323        2.9957323       12.644767                       12.644767
              7         8.61129       68.659228      0.30122187          147.09      0.14199869       68.659228       100.99086       11.231115       2.9957323        2.9957323       11.231115                       11.231115
              6       8.7287441       68.730274      0.29912819          147.09      0.14130369       68.730274       101.09536       11.466024       2.9957323        2.9957323       11.466024                       11.466024
              7       8.3587493       69.155168      0.29735129          147.09      0.14220639       69.155168       101.72034       10.726034       2.9957323        2.9957323       10.726034                       10.726034
              2        12.17316        69.58557       0.2971642          147.09      0.14389141        69.58557       102.35341       18.354855       2.9957323        2.9957323       18.354855                       18.354855
              6       8.7326457       69.533889      0.29087435          147.09      0.14063663       69.533889        102.2774       11.473827       2.9957323        2.9957323       11.473827                       11.473827
              7       9.7087542       68.399291      0.31172452          147.09      0.14583916       68.399291       100.60852       13.426044       2.9957323        2.9957323       13.426044                       13.426044
              1       10.074227       69.122621      0.28945303          147.09      0.13829882       69.122621       101.67246       14.156988       2.9957323        2.9957323       14.156988                       14.156988
              1       8.3590188        69.29661      0.29171335          147.09      0.14008134        69.29661       101.92838       10.726573       2.9957323        2.9957323       10.726573                       10.726573
             12       9.1707942       69.689206      0.28506635          147.09      0.13844491       69.689206       102.50585       12.350124       2.9957323        2.9957323       12.350124                       12.350124
              9       9.3139765       69.778682       0.2843761          147.09      0.13846456       69.778682       102.63746       12.636489       2.9957323        2.9957323       12.636489                       12.636489
              4       8.9652171        69.59171      0.29062847          147.09      0.14075154        69.59171       102.36245        11.93897       2.9957323        2.9957323        11.93897                        11.93897
             16       9.5859179       68.709723      0.30772874          147.09      0.14527954       68.709723       101.06513       13.180371       2.9957323        2.9957323       13.180371                       13.180371
             13       8.4142135       68.721735      0.30354994          147.09      0.14335683       68.721735        101.0828       10.836963       2.9957323        2.9957323       10.836963                       10.836963
             19       8.7637483       68.541038      0.30346967          147.09      0.14256622       68.541038       100.81701       11.536032       2.9957323        2.9957323       11.536032                       11.536032
              7        8.601475       68.693161       0.3004689          147.09      0.14178378       68.693161       101.04077       11.211486       2.9957323        2.9957323       11.211486                       11.211486
              1       8.9042981       68.902928      0.30334775          147.09      0.14401779       68.902928       101.34932       11.817132       2.9957323        2.9957323       11.817132                       11.817132
              1       11.206607        68.60463      0.31204188          147.09      0.14686548        68.60463       100.91055       16.421749       2.9957323        2.9957323       16.421749                       16.421749
              3       9.3088227       69.465405      0.29459172          147.09      0.14215354       69.465405       102.17666       12.626181       2.9957323        2.9957323       12.626181                       12.626181
             17       8.7042714       68.922959      0.30245641          147.09      0.14367812       68.922959       101.37878       11.417078       2.9957323        2.9957323       11.417078                       11.417078
              2       10.949475        69.88252      0.28942863          147.09       0.1413444        69.88252        102.7902       15.907485       2.9957323        2.9957323       15.907485                       15.907485
              3       12.156918       68.498525      0.29718546          147.09      0.13944084       68.498525       100.75448       18.322372       2.9957323        2.9957323       18.322372                       18.322372
              3       11.463729       69.109589      0.28768967          147.09      0.13740448       69.109589        101.6533       16.935993       2.9957323        2.9957323       16.935993                       16.935993
              4       8.2410869       68.869981      0.29883206          147.09      0.14173827       68.869981       101.30086       10.490709       2.9957323        2.9957323       10.490709                       10.490709
             17       8.5997596        69.51815      0.28942016          147.09       0.1398702        69.51815       102.25425       11.208055       2.9957323        2.9957323       11.208055                       11.208055
             16       8.2754587        69.05596      0.29860394          147.09      0.14239603        69.05596       101.57441       10.559453       2.9957323        2.9957323       10.559453                       10.559453
             15       9.2326025       68.641023      0.30776948          147.09      0.14500836       68.641023       100.96408        12.47374       2.9957323        2.9957323        12.47374                        12.47374
              8       8.3331374       68.783316       0.3000405          147.09       0.1419535       68.783316       101.17338        10.67481       2.9957323        2.9957323        10.67481                        10.67481
              3       8.2166678       68.899049      0.30032274          147.09      0.14256557       68.899049       101.34361       10.441871       2.9957323        2.9957323       10.441871                       10.441871
             16       8.1994815       68.889318      0.30015825          147.09      0.14244724       68.889318        101.3293       10.407498       2.9957323        2.9957323       10.407498                       10.407498
             12       8.1867713       69.090971      0.29729253          147.09      0.14191444       69.090971       101.62591       10.382078       2.9957323        2.9957323       10.382078                       10.382078
              6       8.1557403       69.094343      0.29677557          147.09       0.1416815       69.094343       101.63087       10.320016       2.9957323        2.9957323       10.320016                       10.320016
             21       8.1597795       69.082993      0.29707558          147.09      0.14177813       69.082993       101.61417       10.328094       2.9957323        2.9957323       10.328094                       10.328094
             13       8.3996607       68.918581      0.30133717          147.09      0.14312825       68.918581       101.37234       10.807857       2.9957323        2.9957323       10.807857                       10.807857
              5       10.139046       68.845202       0.3068376          147.09      0.14543065       68.845202       101.26441       14.286627       2.9957323        2.9957323       14.286627                       14.286627
              5       10.235831        68.14912      0.31522626          147.09      0.14640061        68.14912       100.24054       14.480197       2.9957323        2.9957323       14.480197                       14.480197
              5       9.8982428       68.305271      0.31311061          147.09       0.1460852       68.305271       100.47022       13.805021       2.9957323        2.9957323       13.805021                       13.805021
              5       10.019768       68.417129      0.31232447          147.09      0.14619607       68.417129       100.63475       14.048072       2.9957323        2.9957323       14.048072                       14.048072
              1       8.4303232       68.853821      0.30234072          147.09      0.14333516       68.853821       101.27709       10.869182       2.9957323        2.9957323       10.869182                       10.869182
              4       8.6927798       68.690872       0.3001069          147.09      0.14160352       68.690872        101.0374       11.394095       2.9957323        2.9957323       11.394095                       11.394095
              3        9.024175       68.414719      0.30886813          147.09      0.14456801       68.414719       100.63121       12.056885       2.9957323        2.9957323       12.056885                       12.056885
              1       9.6466918       68.411845      0.31142856          147.09      0.14575419       68.411845       100.62698       13.301919       2.9957323        2.9957323       13.301919                       13.301919
              3       8.1751153       68.986268      0.29714649          147.09      0.14141514       68.986268        101.4719       10.358766       2.9957323        2.9957323       10.358766                       10.358766
              3       8.1879052       69.187756      0.29514547          147.09      0.14128453       69.187756       101.76827       10.384346       2.9957323        2.9957323       10.384346                       10.384346
              4       8.9838973        69.30231      0.29688981          147.09      0.14259054        69.30231       101.93677        11.97633       2.9957323        2.9957323        11.97633                        11.97633
             37       10.441838       68.153268      0.31583964          147.09      0.14670334       68.153268       100.24664       14.892212       2.9957323        2.9957323       14.892212                       14.892212
             14       9.5121936       68.219526      0.30962079          147.09      0.14409454       68.219526        100.3441       13.032923       2.9957323        2.9957323       13.032923                       13.032923
             14       9.2664524       69.788841      0.28574702          147.09      0.13917258       69.788841       102.65241        12.54144       2.9957323        2.9957323        12.54144                        12.54144
              2        9.262922       69.761052      0.28721383          147.09      0.13977561       69.761052       102.61153       12.534379       2.9957323        2.9957323       12.534379                       12.534379
             30        9.525803       69.867084      0.28376707          147.09      0.13851832       69.867084       102.76749       13.060141       2.9957323        2.9957323       13.060141                       13.060141
             16       8.8720909       69.485101      0.28751345          147.09      0.13881665       69.485101       102.20564       11.752717       2.9957323        2.9957323       11.752717                       11.752717
              8       9.4240997        69.77924      0.28761712          147.09      0.14004487        69.77924       102.63828       12.856735       2.9957323        2.9957323       12.856735                       12.856735
              7       9.3778651       69.765474      0.28779648          147.09      0.14007692       69.765474       102.61804       12.764266       2.9957323        2.9957323       12.764266                       12.764266
              1       8.4609161       69.311265      0.29478131          147.09      0.14161446       69.311265       101.94994       10.930368       2.9957323        2.9957323       10.930368                       10.930368
              6       8.1651174       69.051783       0.2977106          147.09      0.14195284       69.051783       101.56827        10.33877       2.9957323        2.9957323        10.33877                        10.33877
              1       9.0746611       69.708667      0.28582699          147.09      0.13889186       69.708667       102.53448       12.157858       2.9957323        2.9957323       12.157858                       12.157858
              4       8.8858308       69.214235      0.29056659          147.09      0.13919913       69.214235       101.80722       11.780197       2.9957323        2.9957323       11.780197                       11.780197
              1       8.3344359       69.310672       0.2938797          147.09      0.14117891       69.310672       101.94907       10.677407       2.9957323        2.9957323       10.677407                       10.677407
              1       10.149233       68.133607      0.31496928          147.09      0.14621467       68.133607       100.21772       14.307001       2.9957323        2.9957323       14.307001                       14.307001
              3       8.6967544       68.660374      0.30572801          147.09      0.14412773       68.660374       100.99254       11.402044       2.9957323        2.9957323       11.402044                       11.402044
              8       8.5892001        68.65836      0.30136763          147.09      0.14206381        68.65836       100.98958       11.186936       2.9957323        2.9957323       11.186936                       11.186936
              1       8.3306424       68.894228      0.29763774          147.09      0.14127121       68.894228       101.33652        10.66982       2.9957323        2.9957323        10.66982                        10.66982
              1       8.3111407       69.306673      0.29212674          147.09      0.14032059       69.306673       101.94319       10.630817       2.9957323        2.9957323       10.630817                       10.630817
              9       8.1745715       69.077925      0.29738388          147.09      0.14190445       69.077925       101.60672       10.357678       2.9957323        2.9957323       10.357678                       10.357678
              2       8.9100935       68.417446      0.30747327          147.09      0.14392661       68.417446       100.63522       11.828723       2.9957323        2.9957323       11.828723                       11.828723
              4       8.6089604        69.09918      0.29937001          147.09       0.1429401        69.09918       101.63798       11.226456       2.9957323        2.9957323       11.226456                       11.226456
              2       9.1102659       69.047004      0.29246034          147.09      0.13943014       69.047004       101.56124       12.229067       2.9957323        2.9957323       12.229067                       12.229067
              1       8.3827756       69.386365      0.29194788          147.09      0.14055736       69.386365        102.0604       10.774087       2.9957323        2.9957323       10.774087                       10.774087
              1       10.285689       68.144575      0.31541624          147.09      0.14646931       68.144575       100.23386       14.579913       2.9957323        2.9957323       14.579913                       14.579913
              1       9.0651529       68.384572      0.30647883          147.09      0.14332328       68.384572       100.58687       12.138841       2.9957323        2.9957323       12.138841                       12.138841
              2       9.7039246       69.862291      0.28234299          147.09      0.13780426       69.862291       102.76044       13.416385       2.9957323        2.9957323       13.416385                       13.416385
              4       8.2796406       68.903938      0.30083048          147.09      0.14282687       68.903938        101.3508       10.567817       2.9957323        2.9957323       10.567817                       10.567817
              4        10.16355       69.399589      0.28544539          147.09      0.13747915       69.399589       102.07986       14.335636       2.9957323        2.9957323       14.335636                       14.335636
              1         12.4938       69.226231       0.2847754          147.09      0.13647209       69.226231       101.82486       18.996135       2.9957323        2.9957323       18.996135                       18.996135
              5       11.846535       68.031854      0.30744949          147.09      0.14229787       68.031854       100.06805       17.701605       2.9957323        2.9957323       17.701605                       17.701605
              6       9.2593122       68.704435      0.29807752          147.09      0.14070152       68.704435       101.05735        12.52716       2.9957323        2.9957323        12.52716                        12.52716
              1       8.5864284       68.570482      0.30420043          147.09      0.14303233       68.570482       100.86032       11.181392       2.9957323        2.9957323       11.181392                       11.181392
              6       8.7108861       68.686782      0.30012168          147.09      0.14159363       68.686782       101.03139       11.430308       2.9957323        2.9957323       11.430308                       11.430308
              1       11.049442        70.07288      0.27735068          147.09      0.13618496        70.07288        103.0702        16.10742       2.9957323        2.9957323        16.10742                        16.10742
              1       9.9611601       69.968391       0.2814282          147.09      0.13777531       69.968391       102.91651       13.930856       2.9957323        2.9957323       13.930856                       13.930856
              1       9.5940987       68.917664      0.30472833          147.09      0.14473512       68.917664       101.37099       13.196733       2.9957323        2.9957323       13.196733                       13.196733
              4       10.874147       67.890651      0.31772409          147.09       0.1464435       67.890651       99.860358       15.756829       2.9957323        2.9957323       15.756829                       15.756829
              3       9.8562196       68.121053      0.31123828          147.09      0.14442943       68.121053       100.19926       13.720975       2.9957323        2.9957323       13.720975                       13.720975
              4       8.2073857       68.866487      0.30039198          147.09      0.14246369       68.866487       101.29572       10.423307       2.9957323        2.9957323       10.423307                       10.423307
              2       11.844893       68.752321      0.31075759          147.09      0.14689143       68.752321       101.12779       17.698321       2.9957323        2.9957323       17.698321                       17.698321
              2       8.3208298        69.21735      0.29592452          147.09      0.14177867        69.21735        101.8118       10.650195       2.9957323        2.9957323       10.650195                       10.650195
              4       8.3346712       69.089101      0.29839174          147.09      0.14243145       69.089101       101.62316       10.677878       2.9957323        2.9957323       10.677878                       10.677878
              1       9.9062981       68.169514      0.30891107          147.09      0.14355353       68.169514       100.27054       13.821132       2.9957323        2.9957323       13.821132                       13.821132
              1        9.413548       68.525273      0.30135794          147.09      0.14150904       68.525273       100.79382       12.835631       2.9957323        2.9957323       12.835631                       12.835631
              7       9.0236355       68.549267      0.30203544          147.09      0.14192651       68.549267       100.82912       12.055806       2.9957323        2.9957323       12.055806                       12.055806
             10       8.5238537       68.882286      0.29693677          147.09      0.14088965       68.882286       101.31896       11.056243       2.9957323        2.9957323       11.056243                       11.056243
              1       8.4688816       68.693042      0.30127006          147.09      0.14216133       68.693042        101.0406       10.946299       2.9957323        2.9957323       10.946299                       10.946299
              8       8.7687817       68.485946       0.3053998          147.09      0.14324243       68.485946       100.73598       11.546099       2.9957323        2.9957323       11.546099                       11.546099
              1       8.7688511       68.485995      0.30539612          147.09       0.1432409       68.485995       100.73605       11.546238       2.9957323        2.9957323       11.546238                       11.546238
              1       8.6827968       68.527317      0.30469017          147.09       0.1430823       68.527317       100.79683       11.374129       2.9957323        2.9957323       11.374129                       11.374129
              5       8.1604054       68.936999      0.29900034          147.09      0.14209422       68.936999       101.39943       10.329346       2.9957323        2.9957323       10.329346                       10.329346
              5        8.159267       68.939355      0.29895313          147.09       0.1420815       68.939355        101.4029       10.327069       2.9957323        2.9957323       10.327069                       10.327069
              3        8.148594        69.06695      0.29715394          147.09      0.14174967        69.06695       101.59058       10.305723       2.9957323        2.9957323       10.305723                       10.305723
              4       8.3187571       69.251035      0.29240452          147.09      0.14022861       69.251035       101.86135        10.64605       2.9957323        2.9957323        10.64605                        10.64605
              2       9.1818018       68.614336      0.30009266          147.09      0.14128144       68.614336       100.92483       12.372139       2.9957323        2.9957323       12.372139                       12.372139
              6       8.6145403        69.51694      0.28902283          147.09      0.13967332        69.51694       102.25247       11.237616       2.9957323        2.9957323       11.237616                       11.237616
              2       9.5206263       69.744557      0.28337935          147.09      0.13784431       69.744557       102.58727       13.049788       2.9957323        2.9957323       13.049788                       13.049788
              5       8.8892315       69.271612      0.29719294          147.09       0.1426097       69.271612       101.89161       11.786999       2.9957323        2.9957323       11.786999                       11.786999
              5       9.1111716       69.380907      0.29573845          147.09      0.14235992       69.380907       102.05238       12.230879       2.9957323        2.9957323       12.230879                       12.230879
              2       9.1299872       69.377314      0.29585863          147.09      0.14240302       69.377314       102.04709        12.26851       2.9957323        2.9957323        12.26851                        12.26851
              3       9.4277064       69.521762      0.29375324          147.09      0.14197903       69.521762       102.25956       12.863948       2.9957323        2.9957323       12.863948                       12.863948
              7       9.8715275       69.732275      0.29035988          147.09      0.14119011       69.732275        102.5692       13.751591       2.9957323        2.9957323       13.751591                       13.751591
              4       10.077291        69.38287      0.29778592          147.09      0.14335362        69.38287       102.05526       14.163118       2.9957323        2.9957323       14.163118                       14.163118
              3       8.4234509       68.660493      0.30335786          147.09      0.14301088       68.660493       100.99272       10.855437       2.9957323        2.9957323       10.855437                       10.855437
              3       8.5218713       68.600051      0.30433392          147.09      0.14321854       68.600051       100.90382       11.052278       2.9957323        2.9957323       11.052278                       11.052278
              6        8.224449       68.913186      0.30025944          147.09      0.14259403       68.913186       101.36441       10.457434       2.9957323        2.9957323       10.457434                       10.457434
             12       8.9699027        69.21205      0.29849733          147.09      0.14298941        69.21205         101.804       11.948341       2.9957323        2.9957323       11.948341                       11.948341
              1       8.7843038       69.371389      0.29492296          147.09      0.14192842       69.371389       102.03838       11.577143       2.9957323        2.9957323       11.577143                       11.577143
              3       9.0349928       69.428614      0.29457353          147.09      0.14199423       69.428614       102.12255       12.078521       2.9957323        2.9957323       12.078521                       12.078521
              2       8.7743619       69.072339      0.30034215          147.09      0.14329288       69.072339        101.5985       11.557259       2.9957323        2.9957323       11.557259                       11.557259
              1       8.3564902       68.999176      0.29561745          147.09      0.14074011       68.999176       101.49089       10.721516       2.9957323        2.9957323       10.721516                       10.721516
              1       8.5672858       68.659283      0.30147614          147.09      0.14211878       68.659283       100.99094       11.143107       2.9957323        2.9957323       11.143107                       11.143107
              4       8.5740877       68.659774      0.30142178          147.09      0.14209519       68.659774       100.99166       11.156711       2.9957323        2.9957323       11.156711                       11.156711
              1       9.0551246       68.466153      0.30398702          147.09      0.14249738       68.466153       100.70686       12.118785       2.9957323        2.9957323       12.118785                       12.118785
              2       8.8022653       68.471092      0.30705402          147.09      0.14395584       68.471092       100.71413       11.613066       2.9957323        2.9957323       11.613066                       11.613066
              4       8.5144189       68.671743      0.30461693          147.09       0.1436515       68.671743       101.00927       11.037373       2.9957323        2.9957323       11.037373                       11.037373
              1       8.3287798       68.961294      0.29640961          147.09      0.14096233       68.961294       101.43517       10.666095       2.9957323        2.9957323       10.666095                       10.666095
              1       8.3434321       69.184033      0.29298067          147.09      0.14023316       69.184033       101.76279         10.6954       2.9957323        2.9957323         10.6954                         10.6954
              7       8.2518472       69.205266      0.29563647          147.09      0.14159121       69.205266       101.79403        10.51223       2.9957323        2.9957323        10.51223                        10.51223
              2       8.1654704       68.943614      0.29819654          147.09      0.14173943       68.943614       101.40916       10.339476       2.9957323        2.9957323       10.339476                       10.339476
              3       8.1515326       68.963839      0.29808704          147.09      0.14177053       68.963839       101.43891       10.311601       2.9957323        2.9957323       10.311601                       10.311601
              2       8.5859668       68.633258      0.30204241          147.09       0.1422778       68.633258       100.95266       11.180469       2.9957323        2.9957323       11.180469                       11.180469
              2       10.636518       67.949783      0.31331941          147.09      0.14466499       67.949783       99.947336       15.281572       2.9957323        2.9957323       15.281572                       15.281572
              3       10.491671       67.967079      0.31357809          147.09      0.14485814       67.967079       99.972776       14.991878       2.9957323        2.9957323       14.991878                       14.991878
              1       11.588102       70.217504        0.275496          147.09      0.13583324       70.217504       103.28293       17.184739       2.9957323        2.9957323       17.184739                       17.184739
              2       12.471056       70.484151      0.27350274          147.09      0.13587659       70.484151       103.67514       18.950647       2.9957323        2.9957323       18.950647                       18.950647
              5       11.567441       70.331815      0.27615117          147.09      0.13659995       70.331815       103.45107       17.143417       2.9957323        2.9957323       17.143417                       17.143417
              2       10.296397       69.936142      0.28661617          147.09       0.1401858       69.936142       102.86907        14.60133       2.9957323        2.9957323        14.60133                        14.60133
              4       10.359301       69.628039      0.29361871          147.09      0.14234822       69.628039       102.41588       14.727138       2.9957323        2.9957323       14.727138                       14.727138
              1       9.8525515       69.543428      0.29429812          147.09      0.14233106       69.543428       102.29143       13.713639       2.9957323        2.9957323       13.713639                       13.713639
              2       12.972775       70.392688      0.28131778          147.09      0.13939664       70.392688       103.54061       19.954086       2.9957323        2.9957323       19.954086                       19.954086
              1       9.6292101        68.65982      0.30849311          147.09      0.14542892        68.65982       100.99173       13.266956       2.9957323        2.9957323       13.266956                       13.266956
              1       8.7290656       68.938201      0.29523699          147.09      0.14031066       68.938201        101.4012       11.466667       2.9957323        2.9957323       11.466667                       11.466667
              3       8.7567894       68.935721      0.30243239          147.09      0.14371991       68.935721       101.39755       11.522114       2.9957323        2.9957323       11.522114                       11.522114
              2       8.7891111       69.364882      0.28898819          147.09      0.13904629       69.364882        102.0288       11.586758       2.9957323        2.9957323       11.586758                       11.586758
              5       8.5495244       68.865341      0.30271914          147.09      0.14356259       68.865341       101.29403       11.107584       2.9957323        2.9957323       11.107584                       11.107584
              1       8.9790547       69.390964      0.29516377          147.09      0.14212448       69.390964       102.06717       11.966645       2.9957323        2.9957323       11.966645                       11.966645
              2       8.9940141        69.38586      0.29530995          147.09      0.14217395        69.38586       102.05966       11.996564       2.9957323        2.9957323       11.996564                       11.996564
              8       8.8145495       69.547496      0.28737531          147.09      0.13899925       69.547496       102.29741       11.637634       2.9957323        2.9957323       11.637634                       11.637634
              1       8.1784799        69.14822      0.29601686          147.09      0.14153976        69.14822       101.71012       10.365495       2.9957323        2.9957323       10.365495                       10.365495
              2       8.3894003       69.386617      0.29212777          147.09      0.14064499       69.386617       102.06077       10.787336       2.9957323        2.9957323       10.787336                       10.787336
              3       8.8638608       69.638326       0.2874158          147.09      0.13938219       69.638326       102.43101       11.736257       2.9957323        2.9957323       11.736257                       11.736257
              2       8.1577605       69.025938      0.29801116          147.09       0.1419898       69.025938       101.53025       10.324057       2.9957323        2.9957323       10.324057                       10.324057
              1       9.7241397       68.368486      0.31205544          147.09      0.14586251       68.368486       100.56321       13.456815       2.9957323        2.9957323       13.456815                       13.456815
              1       10.352517       70.083418      0.28030133          147.09       0.1376752       70.083418        103.0857        14.71357       2.9957323        2.9957323        14.71357                        14.71357
              1       10.418374       70.102497      0.28023444          147.09      0.13771729       70.102497       103.11376       14.845284       2.9957323        2.9957323       14.845284                       14.845284
              4       9.5647676       68.715294      0.29717935          147.09       0.1403219       68.715294       101.07333       13.138071       2.9957323        2.9957323       13.138071                       13.138071
              6       10.178099        68.50413      0.30007792          147.09      0.14082104        68.50413       100.76272       14.364733       2.9957323        2.9957323       14.364733                       14.364733
              1       9.4265587       69.119309      0.29067334          147.09      0.13886858       69.119309       101.66759       12.861653       2.9957323        2.9957323       12.861653                       12.861653
              1       9.3326164       69.110787      0.29099415          147.09      0.13898756       69.110787       101.65506       12.673768       2.9957323        2.9957323       12.673768                       12.673768
              1       9.5702079        69.79056      0.28796338          147.09      0.14025897        69.79056       102.65494       13.148951       2.9957323        2.9957323       13.148951                       13.148951
              8       9.7849538       68.710341      0.30813538          147.09      0.14547413       68.710341       101.06604       13.578443       2.9957323        2.9957323       13.578443                       13.578443
              2       8.5138426       69.471563      0.29018584          147.09      0.14005234       69.471563       102.18572       11.036221       2.9957323        2.9957323       11.036221                       11.036221
              6       9.6132341       68.178757       0.3111241          147.09      0.14462115       68.178757       100.28413       13.235004       2.9957323        2.9957323       13.235004                       13.235004
              1       9.7936571       68.132183      0.31137761          147.09      0.14454131       68.132183       100.21563        13.59585       2.9957323        2.9957323        13.59585                        13.59585
              3       9.6184961       68.292073      0.30641206          147.09      0.14290468       68.292073       100.45081       13.245528       2.9957323        2.9957323       13.245528                       13.245528
              1       9.1129491       68.517618      0.30245901          147.09      0.14199434       68.517618       100.78256       12.234434       2.9957323        2.9957323       12.234434                       12.234434
              1       8.5546234       68.619139      0.30269865          147.09      0.14252827       68.619139       100.93189       11.117782       2.9957323        2.9957323       11.117782                       11.117782
              2        9.889197       68.105273      0.31189444          147.09      0.14466688       68.105273       100.17605       13.786929       2.9957323        2.9957323       13.786929                       13.786929
              1       8.3692938       69.372629      0.29232108          147.09      0.14068132       69.372629        102.0402       10.747123       2.9957323        2.9957323       10.747123                       10.747123
              1       8.1433619       69.049828      0.29662041          147.09      0.14142501       69.049828       101.56539       10.295259       2.9957323        2.9957323       10.295259                       10.295259
              2       8.7618383       69.348234      0.28926643          147.09      0.13911336       69.348234       102.00432       11.532212       2.9957323        2.9957323       11.532212                       11.532212
              2       8.4005058       69.397775      0.29117805          147.09      0.14023284       69.397775       102.07719       10.809547       2.9957323        2.9957323       10.809547                       10.809547
              2       8.4779471       69.447882      0.29038805          147.09       0.1400544       69.447882       102.15089        10.96443       2.9957323        2.9957323        10.96443                        10.96443
              6       10.690077       70.116751      0.28271165          147.09      0.13899119       70.116751       103.13473        15.38869       2.9957323        2.9957323        15.38869                        15.38869
              5       8.7787974       69.255559      0.29715627          147.09      0.14252602       69.255559         101.868        11.56613       2.9957323        2.9957323        11.56613                        11.56613
              4       8.8782097       68.542365      0.30755708          147.09      0.14449203       68.542365       100.81896       11.764955       2.9957323        2.9957323       11.764955                       11.764955
              9       8.2090008       69.133726      0.29671539          147.09      0.14181429       69.133726        101.6888       10.426537       2.9957323        2.9957323       10.426537                       10.426537
              4        8.313217       69.333661      0.29268583          147.09      0.14069866       69.333661       101.98288       10.634969       2.9957323        2.9957323       10.634969                       10.634969
              1       8.7751589       69.081662      0.29278751          147.09      0.13972628       69.081662       101.61222       11.558853       2.9957323        2.9957323       11.558853                       11.558853
              3       8.5935638       68.574284      0.30541212          147.09      0.14361798       68.574284       100.86591       11.195663       2.9957323        2.9957323       11.195663                       11.195663
              2       9.3731445       69.101991      0.30133566          147.09      0.14389034       69.101991       101.64212       12.754825       2.9957323        2.9957323       12.754825                       12.754825
              1       10.832458       68.714253      0.30990369          147.09      0.14632563       68.714253        101.0718       15.673451       2.9957323        2.9957323       15.673451                       15.673451
              1       9.5357626       68.693281      0.30784088          147.09      0.14526293       68.693281       101.04095       13.080061       2.9957323        2.9957323       13.080061                       13.080061
              4       9.4927928       68.723116      0.30734131          147.09       0.1451532       68.723116       101.08483       12.994121       2.9957323        2.9957323       12.994121                       12.994121
              1       8.4874501       68.908073      0.30187959          147.09      0.14334216       68.908073       101.35688       10.983436       2.9957323        2.9957323       10.983436                       10.983436
             11       9.1106049       68.815845      0.30514821          147.09      0.14450661       68.815845       101.22123       12.229745       2.9957323        2.9957323       12.229745                       12.229745
              5        9.767599       69.843318      0.28208681          147.09      0.13760446       69.843318       102.73254       13.543733       2.9957323        2.9957323       13.543733                       13.543733
              1       9.9129183       69.940954      0.28149919          147.09        0.137702       69.940954       102.87615       13.834372       2.9957323        2.9957323       13.834372                       13.834372
              6       8.2963165       69.302926      0.29361807          147.09      0.14102169       69.302926       101.93767       10.601169       2.9957323        2.9957323       10.601169                       10.601169
              3       8.7211677       69.547273      0.29036488          147.09      0.14044436       69.547273       102.29708       11.450871       2.9957323        2.9957323       11.450871                       11.450871
              1       8.1776978       69.014649      0.29845464          147.09      0.14215459       69.014649       101.51365       10.363931       2.9957323        2.9957323       10.363931                       10.363931
              2       8.1533681        69.08521      0.29590951          147.09      0.14123069        69.08521       101.61743       10.315272       2.9957323        2.9957323       10.315272                       10.315272
              3       9.0838704       69.059157      0.29233298          147.09      0.13941848       69.059157       101.57911       12.176276       2.9957323        2.9957323       12.176276                       12.176276
              1       8.4826431       68.645497      0.30439278          147.09       0.1434361       68.645497       100.97066       10.973822       2.9957323        2.9957323       10.973822                       10.973822
              1       8.7370543         68.4984      0.30651992          147.09      0.14382009         68.4984        100.7543       11.482644       2.9957323        2.9957323       11.482644                       11.482644
              8       8.6061567       68.780701      0.30402901          147.09      0.14382958       68.780701       101.16953       11.220849       2.9957323        2.9957323       11.220849                       11.220849
              2       9.1394975       68.667148      0.30719208          147.09      0.14484651       68.667148       101.00251        12.28753       2.9957323        2.9957323        12.28753                        12.28753
              2       8.6285806       68.820373      0.30361952          147.09       0.1438016       68.820373       101.22789       11.265697       2.9957323        2.9957323       11.265697                       11.265697
              6       8.2353077       68.974493      0.29677608          147.09      0.14119065       68.974493       101.45458       10.479151       2.9957323        2.9957323       10.479151                       10.479151
              8       8.3536174       69.350577      0.29156424          147.09      0.14022789       69.350577       102.00776        10.71577       2.9957323        2.9957323        10.71577                        10.71577
              4       8.2186799       68.935438      0.29765211          147.09       0.1414471       68.935438       101.39714       10.445895       2.9957323        2.9957323       10.445895                       10.445895
              2       13.878955       67.712976      0.31188741          147.09      0.14300185       67.712976       99.599016       21.766446       2.9957323        2.9957323       21.766446                       21.766446
              3       10.314833       69.979409      0.27979442          147.09      0.13701862       69.979409       102.93271       14.638201       2.9957323        2.9957323       14.638201                       14.638201
              5       9.4931193       69.460044      0.29514874          147.09      0.14240035       69.460044       102.16878       12.994774       2.9957323        2.9957323       12.994774                       12.994774
              4       8.8966252       69.552904      0.29129763          147.09      0.14091833       69.552904       102.30537       11.801786       2.9957323        2.9957323       11.801786                       11.801786
              2       9.1906902       68.550752      0.30867316          147.09      0.14505187       68.550752        100.8313       12.389916       2.9957323        2.9957323       12.389916                       12.389916
              1       8.7544931       68.522822      0.30689359          147.09      0.14409811       68.522822       100.79022       11.517522       2.9957323        2.9957323       11.517522                       11.517522
              7       8.1937879       69.115002      0.29691995          147.09       0.1418352       69.115002       101.66126       10.396111       2.9957323        2.9957323       10.396111                       10.396111
              1       11.371238       67.783507      0.31647046          147.09      0.14540564       67.783507       99.702761       16.751011       2.9957323        2.9957323       16.751011                       16.751011
              5       11.156918       68.023822      0.30909629          147.09      0.14302629       68.023822       100.05624       16.322371       2.9957323        2.9957323       16.322371                       16.322371
              2       8.6271651       68.676032      0.30073882          147.09      0.14184038       68.676032       101.01557       11.262866       2.9957323        2.9957323       11.262866                       11.262866
              6       8.7679094       68.632105      0.30631225          147.09      0.14428428       68.632105       100.95096       11.544354       2.9957323        2.9957323       11.544354                       11.544354
              2       9.9349215       68.918088      0.30536675          147.09      0.14504013       68.918088       101.37162       13.878378       2.9957323        2.9957323       13.878378                       13.878378
              1       9.5709731       69.372572      0.29699055          147.09       0.1429283       69.372572       102.04012       13.150482       2.9957323        2.9957323       13.150482                       13.150482
              1       10.317138       69.463063       0.2967263          147.09      0.14317392       69.463063       102.17322       14.642811       2.9957323        2.9957323       14.642811                       14.642811
              3       11.021865         69.6938       0.2934663          147.09      0.14254321         69.6938       102.51261       16.052265       2.9957323        2.9957323       16.052265                       16.052265
              1       11.670432       68.927642      0.30781933          147.09      0.14624557       68.927642       101.38567       17.349399       2.9957323        2.9957323       17.349399                       17.349399
              7       12.483025       68.944679      0.30854065          147.09      0.14666075       68.944679       101.41073       18.974585       2.9957323        2.9957323       18.974585                       18.974585
              6       12.207897       68.298747      0.31762045          147.09      0.14816101       68.298747       100.46063       18.424329       2.9957323        2.9957323       18.424329                       18.424329
              1       10.565743       67.981774      0.31238236          147.09      0.14436818       67.981774       99.994392       15.140022       2.9957323        2.9957323       15.140022                       15.140022
              1       9.9555976       68.156073       0.3091251          147.09      0.14359635       68.156073       100.25077       13.919731       2.9957323        2.9957323       13.919731                       13.919731
              1       9.9845661       69.001458      0.30414583          147.09      0.14480995       69.001458       101.49424       13.977668       2.9957323        2.9957323       13.977668                       13.977668
              1       11.377253         67.8265       0.3199562          147.09      0.14719374         67.8265       99.765998       16.763041       2.9957323        2.9957323       16.763041                       16.763041
              3       10.818662       67.904979      0.31754842          147.09      0.14642431       67.904979       99.881433        15.64586       2.9957323        2.9957323        15.64586                        15.64586
              5       10.928085       67.879907      0.31794282          147.09      0.14649793       67.879907       99.844555       15.864706       2.9957323        2.9957323       15.864706                       15.864706
              4       10.584041       67.959935      0.31665919          147.09      0.14625072       67.959935       99.962269       15.176618       2.9957323        2.9957323       15.176618                       15.176618
              2       8.2441356       68.816205      0.30113381          147.09      0.14260704       68.816205       101.22176       10.496807       2.9957323        2.9957323       10.496807                       10.496807
              1       8.9207564       68.473351      0.30449383          147.09      0.14276497       68.473351       100.71745       11.850048       2.9957323        2.9957323       11.850048                       11.850048
              7       9.3945011       69.703264      0.28958141          147.09      0.14069443       69.703264       102.52653       12.797538       2.9957323        2.9957323       12.797538                       12.797538
              2       8.9673199       69.373155      0.29548172          147.09      0.14220456       69.373155       102.04097       11.943175       2.9957323        2.9957323       11.943175                       11.943175
              2       8.9118583       68.532192      0.30291074          147.09      0.14226692       68.532192         100.804       11.832252       2.9957323        2.9957323       11.832252                       11.832252
              4       8.9864791       69.172992      0.29087617          147.09      0.13918142       69.172992       101.74655       11.981494       2.9957323        2.9957323       11.981494                       11.981494
              9       8.4249686       69.006708        0.295176          147.09      0.14056062       69.006708       101.50197       10.858473       2.9957323        2.9957323       10.858473                       10.858473
              5       8.5049154         68.9808      0.29527956          147.09      0.14050437         68.9808       101.46386       11.018366       2.9957323        2.9957323       11.018366                       11.018366
              6       9.3556624       68.303411      0.30733954          147.09      0.14338484       68.303411       100.46749        12.71986       2.9957323        2.9957323        12.71986                        12.71986
              7       8.2263202       68.865131      0.29912869          147.09      0.14185898       68.865131       101.29372       10.461176       2.9957323        2.9957323       10.461176                       10.461176
              3       8.4016397       68.681005      0.30245768          147.09      0.14267172       68.681005       101.02289       10.811815       2.9957323        2.9957323       10.811815                       10.811815
              2       8.3416447       69.258466      0.29519368          147.09      0.14159659       69.258466       101.87228       10.691825       2.9957323        2.9957323       10.691825                       10.691825
              1       10.121225       68.055485      0.31216083          147.09      0.14457882       68.055485       100.10281       14.250986       2.9957323        2.9957323       14.250986                       14.250986
              1        9.863201       69.381403      0.28620799          147.09       0.1377742       69.381403       102.05311       13.734937       2.9957323        2.9957323       13.734937                       13.734937
              1       9.5785581       69.784938      0.28299391          147.09      0.13781627       69.784938       102.64667       13.165652       2.9957323        2.9957323       13.165652                       13.165652
              1       10.501424       69.953971      0.27932398          147.09      0.13668881       69.953971        102.8953       15.011384       2.9957323        2.9957323       15.011384                       15.011384
              5       10.523841        69.96471      0.27921075          147.09      0.13667536        69.96471       102.91109       15.056217       2.9957323        2.9957323       15.056217                       15.056217
              2       9.1669372       68.970789      0.29355037          147.09      0.13964102       68.970789       101.44913        12.34241       2.9957323        2.9957323        12.34241                        12.34241
              1       9.0333504       69.513884      0.29276229          147.09      0.14146801       69.513884       102.24797       12.075236       2.9957323        2.9957323       12.075236                       12.075236
              7       10.074176       68.372539      0.31293307          147.09      0.14629008       68.372539       100.56917       14.156888       2.9957323        2.9957323       14.156888                       14.156888
              1       8.8358473       68.481183      0.30484873          147.09      0.14296407       68.481183       100.72897        11.68023       2.9957323        2.9957323        11.68023                        11.68023
              1       8.2265725       69.236967      0.29354377          147.09      0.14071777       69.236967       101.84065       10.461681       2.9957323        2.9957323       10.461681                       10.461681
              2       8.3218893       68.874094      0.29809116          147.09      0.14140374       68.874094        101.3069       10.652314       2.9957323        2.9957323       10.652314                       10.652314
              4       8.4470782       68.738387       0.3036764          147.09      0.14348606       68.738387       101.10729       10.902692       2.9957323        2.9957323       10.902692                       10.902692
              1       8.3930919       69.071914      0.29428836          147.09       0.1404029       69.071914       101.59788       10.794719       2.9957323        2.9957323       10.794719                       10.794719
              2       8.3738529        69.19975      0.29261992          147.09      0.14012413        69.19975       101.78591       10.756241       2.9957323        2.9957323       10.756241                       10.756241
              3       8.5905963       69.044607       0.2939367          147.09      0.14012426       69.044607       101.55771       11.189728       2.9957323        2.9957323       11.189728                       11.189728
              5       8.1665815       68.963243      0.29772774          147.09       0.1415972       68.963243       101.43803       10.341698       2.9957323        2.9957323       10.341698                       10.341698
              3       8.8788562       69.646649      0.28747314          147.09      0.13944332       69.646649       102.44326       11.766248       2.9957323        2.9957323       11.766248                       11.766248
              1       8.3498401       69.298608      0.29177189          147.09      0.14011753       69.298608       101.93132       10.708216       2.9957323        2.9957323       10.708216                       10.708216
              1       8.7663715       69.432033      0.28839454          147.09      0.13902945       69.432033       102.12758       11.541278       2.9957323        2.9957323       11.541278                       11.541278
              2       8.5835628       69.497297      0.28923612          147.09      0.13969741       69.497297       102.22357       11.175661       2.9957323        2.9957323       11.175661                       11.175661
              1        9.790017       68.761621      0.29588034          147.09      0.13989697       68.761621       101.14147        13.58857       2.9957323        2.9957323        13.58857                        13.58857
              6       9.8345461       68.796256      0.29517894          147.09      0.13970598       68.796256       101.19241       13.677628       2.9957323        2.9957323       13.677628                       13.677628
              6       8.2590997       68.901192       0.3007062          147.09      0.14275649       68.901192       101.34676       10.526735       2.9957323        2.9957323       10.526735                       10.526735
              7       8.2264742       68.888568      0.30053433          147.09      0.14262262       68.888568       101.32819       10.461484       2.9957323        2.9957323       10.461484                       10.461484
              2       9.5397638       68.218336      0.31173315          147.09      0.14507255       68.218336       100.34235       13.088063       2.9957323        2.9957323       13.088063                       13.088063
              2       8.3295215       68.740541      0.30251087          147.09      0.14294431       68.740541       101.11046       10.667579       2.9957323        2.9957323       10.667579                       10.667579
              4       8.5254482       69.188067       0.2920848          147.09      0.13982066       69.188067       101.76873       11.059432       2.9957323        2.9957323       11.059432                       11.059432
              1         8.58562       69.234912      0.29124709          147.09      0.13960851       69.234912       101.83763       11.179775       2.9957323        2.9957323       11.179775                       11.179775
              8       8.5109006       69.469274      0.29061972          147.09       0.1402525       69.469274       102.18236       11.030337       2.9957323        2.9957323       11.030337                       11.030337
              4       9.4945741       69.709111      0.28979163          147.09      0.14082019       69.709111       102.53513       12.997684       2.9957323        2.9957323       12.997684                       12.997684
              5       8.2035679       69.214089      0.29406376          147.09       0.1408739       69.214089         101.807       10.415671       2.9957323        2.9957323       10.415671                       10.415671
              2       9.7808076       68.732735      0.29642303          147.09      0.14003584       68.732735       101.09898       13.570151       2.9957323        2.9957323       13.570151                       13.570151
              2       8.2183213       69.159908       0.2941787          147.09       0.1407084       69.159908       101.72731       10.445178       2.9957323        2.9957323       10.445178                       10.445178
              1       8.1512862       69.116468      0.29610591          147.09      0.14145234       69.116468       101.66341       10.311108       2.9957323        2.9957323       10.311108                       10.311108
              1       8.4072549       68.679439      0.30240566          147.09      0.14264067       68.679439       101.02059       10.823045       2.9957323        2.9957323       10.823045                       10.823045
              2       8.2546924       68.825415      0.29979929          147.09      0.14201306       68.825415        101.2353        10.51792       2.9957323        2.9957323        10.51792                        10.51792
              4       8.3034784        68.79126      0.30013078          147.09      0.14202901        68.79126       101.18506       10.615492       2.9957323        2.9957323       10.615492                       10.615492
              4          8.2487       68.996901      0.29628578          147.09      0.14104899       68.996901       101.48754       10.505936       2.9957323        2.9957323       10.505936                       10.505936
              2       8.1489069       68.963757      0.29842696          147.09      0.14193186       68.963757       101.43879       10.306349       2.9957323        2.9957323       10.306349                       10.306349
              6       8.1659381       68.937244      0.29834827          147.09      0.14178535       68.937244       101.39979       10.340412       2.9957323        2.9957323       10.340412                       10.340412
              2       8.6674257       69.431841      0.29313299          147.09      0.14131298       69.431841       102.12729       11.343387       2.9957323        2.9957323       11.343387                       11.343387
              3       8.4250874       69.270815      0.29544528          147.09      0.14176782       69.270815       101.89044        10.85871       2.9957323        2.9957323        10.85871                        10.85871
              4        8.456582       69.264533      0.29573873          147.09      0.14188289       69.264533        101.8812         10.9217       2.9957323        2.9957323         10.9217                         10.9217
              1       9.9992714       68.257934      0.31378462          147.09      0.14619682       68.257934       100.40059       14.007078       2.9957323        2.9957323       14.007078                       14.007078
              2       8.9578061       69.615802      0.28992638          147.09      0.14050876       69.615802       102.39788       11.924148       2.9957323        2.9957323       11.924148                       11.924148
              5       10.121751       69.675514      0.28235916          147.09      0.13707626       69.675514       102.48571       14.252038       2.9957323        2.9957323       14.252038                       14.252038
              2       8.9417947       68.576631      0.30170207          147.09      0.14188307       68.576631       100.86937       11.892125       2.9957323        2.9957323       11.892125                       11.892125
              1       8.9633313       68.658684      0.29981702          147.09      0.14133419       68.658684       100.99006       11.935198       2.9957323        2.9957323       11.935198                       11.935198
              2       10.361174        68.13214      0.30832505          147.09      0.14312413        68.13214       100.21557       14.730883       2.9957323        2.9957323       14.730883                       14.730883
              9       9.1505737        68.94396      0.29403145          147.09      0.13976107        68.94396       101.40967       12.309683       2.9957323        2.9957323       12.309683                       12.309683
              1       8.9953921       68.647565      0.30699206          147.09      0.14466965       68.647565        100.9737        11.99932       2.9957323        2.9957323        11.99932                        11.99932
              2       8.6723554       68.707699      0.30513951          147.09      0.14404867       68.707699       101.06215       11.353246       2.9957323        2.9957323       11.353246                       11.353246
              1       8.7327212       68.516568      0.30451974          147.09      0.14295741       68.516568       100.78102       11.473978       2.9957323        2.9957323       11.473978                       11.473978
              1       8.4117153       69.270238      0.29161461          147.09      0.13992736       69.270238       101.88959       10.831966       2.9957323        2.9957323       10.831966                       10.831966
              3       10.104539       68.514256      0.30001509          147.09      0.14083318       68.514256       100.77762       14.217614       2.9957323        2.9957323       14.217614                       14.217614
              4       8.5618754       69.199947      0.29743265          147.09      0.14242957       69.199947        101.7862       11.132286       2.9957323        2.9957323       11.132286                       11.132286
             10       8.6169508       69.454139      0.29230855          147.09      0.14100606       69.454139       102.16009       11.242437       2.9957323        2.9957323       11.242437                       11.242437
              4       8.2856447       69.234511      0.29282143          147.09      0.14036154       69.234511       101.83704       10.579825       2.9957323        2.9957323       10.579825                       10.579825
              4       8.1998944       69.171327      0.29428463          147.09      0.14080556       69.171327       101.74411       10.408324       2.9957323        2.9957323       10.408324                       10.408324
              1       8.3160839       69.188811      0.29646748          147.09       0.1419217       69.188811       101.76982       10.640703       2.9957323        2.9957323       10.640703                       10.640703
              2       8.7700352        69.57624      0.28768574          147.09      0.13926444        69.57624       102.33969       11.548606       2.9957323        2.9957323       11.548606                       11.548606
              7       8.5400128       69.240922      0.29657885          147.09      0.14218895       69.240922       101.84647       11.088561       2.9957323        2.9957323       11.088561                       11.088561
              5       9.3033317       68.515534      0.30938728          147.09       0.1452381       68.515534        100.7795       12.615199       2.9957323        2.9957323       12.615199                       12.615199
              5       9.5835181       68.801745      0.30643155          147.09      0.14505489       68.801745       101.20049       13.175572       2.9957323        2.9957323       13.175572                       13.175572
              2       8.2035606       68.858286      0.30020121          147.09      0.14233931       68.858286       101.28365       10.415657       2.9957323        2.9957323       10.415657                       10.415657
              1       8.5646266       68.839976      0.30311564          147.09      0.14364475       68.839976       101.25672       11.137789       2.9957323        2.9957323       11.137789                       11.137789
              7       8.3906684       68.759902      0.30310414          147.09      0.14330534       68.759902       101.13894       10.789872       2.9957323        2.9957323       10.789872                       10.789872
             14       9.1374712       69.467871      0.29407241          147.09      0.14191303       69.467871       102.18029       12.283478       2.9957323        2.9957323       12.283478                       12.283478
              2       11.801494       68.193797      0.31828153          147.09      0.14801345       68.193797       100.30626       17.611524       2.9957323        2.9957323       17.611524                       17.611524
              1       8.7262284       69.290342      0.29006304          147.09      0.13926366       69.290342       101.91916       11.460992       2.9957323        2.9957323       11.460992                       11.460992
              1       9.6316981       69.858469      0.28271609          147.09      0.13797126       69.858469       102.75482       13.271932       2.9957323        2.9957323       13.271932                       13.271932
              1       9.1580933       69.320228      0.29701476          147.09      0.14272432       69.320228       101.96312       12.324722       2.9957323        2.9957323       12.324722                       12.324722
              1       9.6816356       68.812553      0.30647437          147.09      0.14512075       68.812553       101.21638       13.371807       2.9957323        2.9957323       13.371807                       13.371807
              4       9.0552668       68.644677      0.30721387          147.09      0.14476199       68.644677       100.96946       12.119069       2.9957323        2.9957323       12.119069                       12.119069
              4       8.7157297       68.652828      0.30086339          147.09      0.14180326       68.652828       100.98144       11.439995       2.9957323        2.9957323       11.439995                       11.439995
              1       8.9067937       69.435298        0.294024          147.09      0.14175663       69.435298       102.13238       11.822123       2.9957323        2.9957323       11.822123                       11.822123
              2       9.5870462       68.944856      0.30429533          147.09      0.14464353       68.944856       101.41099       13.182628       2.9957323        2.9957323       13.182628                       13.182628
              3       9.9331588       69.128311      0.30198262          147.09      0.14430914       69.128311       101.68083       13.874853       2.9957323        2.9957323       13.874853                       13.874853
              1       8.9722882       68.412109      0.30623867          147.09      0.14332633       68.412109       100.62737       11.953112       2.9957323        2.9957323       11.953112                       11.953112
              4       9.2888102       68.310954      0.31048548          147.09      0.14488452       68.310954       100.47858       12.586156       2.9957323        2.9957323       12.586156                       12.586156
              1       11.030042       67.877092      0.31415568          147.09      0.14474093       67.877092       99.840415       16.068619       2.9957323        2.9957323       16.068619                       16.068619
              1       11.265741       69.353107      0.28443854          147.09      0.13681077       69.353107       102.01148       16.540017       2.9957323        2.9957323       16.540017                       16.540017
              4       11.885504       67.700457      0.31732609          147.09      0.14544171       67.700457       99.580602       17.779543       2.9957323        2.9957323       17.779543                       17.779543
              3       12.959908       67.534289      0.32507778          147.09      0.14826408       67.534289       99.336185       19.928352       2.9957323        2.9957323       19.928352                       19.928352
              2       10.144802       68.120576      0.31497712          147.09      0.14616239       68.120576       100.19856       14.298139       2.9957323        2.9957323       14.298139                       14.298139
              1       9.8598318       68.187998      0.31362353          147.09      0.14582249       68.187998       100.29773       13.728199       2.9957323        2.9957323       13.728199                       13.728199
              1       9.6308661       68.252254      0.31244843          147.09      0.14555004       68.252254       100.39224       13.270268       2.9957323        2.9957323       13.270268                       13.270268
              1       9.7999686       68.389367      0.31207073          147.09      0.14595877       68.389367       100.59392       13.608473       2.9957323        2.9957323       13.608473                       13.608473
              1       8.7935534       68.496158      0.30718549          147.09      0.14412294       68.496158         100.751       11.595642       2.9957323        2.9957323       11.595642                       11.595642
             13       8.3381543       69.096863      0.29827758          147.09      0.14240894       69.096863       101.63458       10.684844       2.9957323        2.9957323       10.684844                       10.684844
              1       9.1884465       68.426387      0.30446512          147.09      0.14255576       68.426387       100.64837       12.385429       2.9957323        2.9957323       12.385429                       12.385429
              2       9.2256842       68.925773      0.29416569          147.09      0.13975112       68.925773       101.38292       12.459904       2.9957323        2.9957323       12.459904                       12.459904
              4       9.7507615       68.430291      0.31152567          147.09      0.14587827       68.430291       100.65411       13.510058       2.9957323        2.9957323       13.510058                       13.510058
             11       8.8797558       68.860059      0.30389834          147.09      0.14409971       68.860059       101.28626       11.768047       2.9957323        2.9957323       11.768047                       11.768047
              1        8.876945       68.857953       0.3039201          147.09      0.14410121       68.857953       101.28316       11.762425       2.9957323        2.9957323       11.762425                       11.762425
              4       9.6845461       69.854498      0.28242984          147.09       0.1378159       69.854498       102.74898       13.377628       2.9957323        2.9957323       13.377628                       13.377628
              8        9.174864       69.189159      0.29941238          147.09      0.14333289       69.189159       101.77033       12.358264       2.9957323        2.9957323       12.358264                       12.358264
              1       8.3754174       68.693585      0.30260889          147.09      0.14279535       68.693585       101.04139        10.75937       2.9957323        2.9957323        10.75937                        10.75937
              1       10.279644       70.011351      0.28439271          147.09      0.13939763       70.011351        102.9797       14.567824       2.9957323        2.9957323       14.567824                       14.567824
              1       10.404257       69.906045      0.28767656          147.09      0.14058337       69.906045        102.8248        14.81705       2.9957323        2.9957323        14.81705                        14.81705
              3       10.280672       68.707727      0.29598822          147.09      0.13972869       68.707727        101.0622        14.56988       2.9957323        2.9957323        14.56988                        14.56988
              3       10.043741       68.786366      0.29498136          147.09      0.13957232       68.786366       101.17787       14.096018       2.9957323        2.9957323       14.096018                       14.096018
              1       9.1859825       69.287092       0.2888307          147.09      0.13865899       69.287092       101.91438         12.3805       2.9957323        2.9957323         12.3805                         12.3805
              4       8.3620497        69.03902      0.29494395          147.09      0.14058168        69.03902        101.5495       10.732635       2.9957323        2.9957323       10.732635                       10.732635
              9       8.6951016       69.483486       0.2920179          147.09      0.14098492       69.483486       102.20326       11.398739       2.9957323        2.9957323       11.398739                       11.398739
              2       8.2222949        68.87415      0.30060535          147.09      0.14259661        68.87415       101.30699       10.453125       2.9957323        2.9957323       10.453125                       10.453125
              3        8.161841       68.952919      0.29897909          147.09      0.14214976       68.952919       101.42285       10.332217       2.9957323        2.9957323       10.332217                       10.332217
              3       8.2365378       68.893358      0.30059222          147.09      0.14266993       68.893358       101.33524       10.481611       2.9957323        2.9957323       10.481611                       10.481611
              3       8.4630791       68.661099      0.30227006          147.09      0.14250058       68.661099       100.99361       10.934694       2.9957323        2.9957323       10.934694                       10.934694
              1       8.6739373        68.73059      0.29933109          147.09      0.14140083        68.73059       101.09582        11.35641       2.9957323        2.9957323        11.35641                        11.35641
              9       8.1736971       69.090351      0.29551207          147.09        0.141062       69.090351         101.625        10.35593       2.9957323        2.9957323        10.35593                        10.35593
              1       8.1542636       68.997539      0.29726225          147.09      0.14151646       68.997539       101.48848       10.317063       2.9957323        2.9957323       10.317063                       10.317063
              3       11.137159       69.011136      0.30577402          147.09        0.145626       69.011136       101.50848       16.282853       2.9957323        2.9957323       16.282853                       16.282853
              1       9.5172585       69.129669       0.3011729          147.09      0.14392785       69.129669       101.68283       13.043053       2.9957323        2.9957323       13.043053                       13.043053
              1       9.3422551       69.569977      0.29250703          147.09      0.14157287       69.569977       102.33048       12.693046       2.9957323        2.9957323       12.693046                       12.693046
              2       9.4667094       69.594845      0.29231865          147.09      0.14158286       69.594845       102.36706       12.941954       2.9957323        2.9957323       12.941954                       12.941954
              1       9.3888607       69.598628      0.29201648          147.09      0.14145188       69.598628       102.37262       12.786257       2.9957323        2.9957323       12.786257                       12.786257
              1       8.4550874       69.229986      0.29184963          147.09      0.13987743       69.229986       101.83039        10.91871       2.9957323        2.9957323        10.91871                        10.91871
              2       9.1862713       69.580447      0.28560572          147.09      0.13827426       69.580447       102.34588       12.381078       2.9957323        2.9957323       12.381078                       12.381078
              1       10.662606       68.329186      0.30283585          147.09      0.14139036       68.329186        100.5054       15.333747       2.9957323        2.9957323       15.333747                       15.333747
              1       10.170337       68.616297      0.29788203          147.09       0.1402487       68.616297       100.92771       14.349209       2.9957323        2.9957323       14.349209                       14.349209
              3       9.4844717       68.668107      0.29825324          147.09      0.14063562       68.668107       101.00392       12.977479       2.9957323        2.9957323       12.977479                       12.977479
              5       8.1776342       69.065931      0.29580145          147.09      0.14110033       69.065931       101.58908       10.363804       2.9957323        2.9957323       10.363804                       10.363804
              3       8.2671153       69.244746      0.29486944          147.09      0.14138503       69.244746        101.8521       10.542766       2.9957323        2.9957323       10.542766                       10.542766
              5       9.7201052       69.678949      0.28324344          147.09      0.13751911       69.678949       102.49077       13.448746       2.9957323        2.9957323       13.448746                       13.448746
              7       11.801727       69.389134      0.28327851          147.09      0.13639441       69.389134       102.06448       17.611989       2.9957323        2.9957323       17.611989                       17.611989
             11        12.46455       68.970821      0.28868374          147.09      0.13732611       68.970821       101.44918       18.937635       2.9957323        2.9957323       18.937635                       18.937635
              2       13.855885       68.905319      0.28832276          147.09        0.136894       68.905319       101.35283       21.720305       2.9957323        2.9957323       21.720305                       21.720305
              2       11.659395       69.087226      0.28779063          147.09      0.13736376       69.087226        101.6204       17.327325       2.9957323        2.9957323       17.327325                       17.327325
             10       10.329923       69.410635      0.28502838          147.09      0.13732201       69.410635        102.0961       14.668382       2.9957323        2.9957323       14.668382                       14.668382
              3       10.026044       69.701583      0.29141285          147.09      0.14157741       69.701583       102.52406       14.060624       2.9957323        2.9957323       14.060624                       14.060624
              4       8.2684074        69.29016      0.29287619          147.09      0.14061356        69.29016        101.9189        10.54535       2.9957323        2.9957323        10.54535                        10.54535
              1       8.2257035       68.966797      0.29960216          147.09      0.14250334       68.966797       101.44326       10.459942       2.9957323        2.9957323       10.459942                       10.459942
              1       8.8654417       68.500711      0.30401449          147.09      0.14265416       68.500711        100.7577       11.739419       2.9957323        2.9957323       11.739419                       11.739419
              3       8.6846664       69.560729       0.2891815          147.09      0.13992611       69.560729       102.31688       11.377868       2.9957323        2.9957323       11.377868                       11.377868
              1       8.9773706       69.202826      0.29048014          147.09      0.13911184       69.202826       101.79044       11.963277       2.9957323        2.9957323       11.963277                       11.963277
              1       8.8187564       69.510968      0.28754595          147.09      0.13893573       69.510968       102.24368       11.646048       2.9957323        2.9957323       11.646048                       11.646048
              1       8.3382134       69.305315      0.29183235          147.09      0.14017369       69.305315       101.94119       10.684962       2.9957323        2.9957323       10.684962                       10.684962
              5       8.2947632       69.255808      0.29487862          147.09       0.1414346       69.255808       101.86837       10.598062       2.9957323        2.9957323       10.598062                       10.598062
             15       8.6027932         69.0899      0.29319985          147.09      0.13995643         69.0899       101.62433       11.214122       2.9957323        2.9957323       11.214122                       11.214122
              5       8.5544326       68.622984      0.30258012          147.09      0.14248842       68.622984       100.93755       11.117401       2.9957323        2.9957323       11.117401                       11.117401
              3       8.2301933       69.168543      0.29396884          147.09      0.14064314       69.168543       101.74001       10.468922       2.9957323        2.9957323       10.468922                       10.468922
             13        8.297049       69.081386      0.29463989          147.09      0.14060917       69.081386       101.61181       10.602633       2.9957323        2.9957323       10.602633                       10.602633
              2       8.3528308       69.336011      0.29336718          147.09      0.14103576       69.336011       101.98634       10.714197       2.9957323        2.9957323       10.714197                       10.714197
              9       8.8586734       68.767857      0.30508905          147.09      0.14427717       68.767857       101.15064       11.725882       2.9957323        2.9957323       11.725882                       11.725882
              4       9.0598203       69.717531      0.28651319          147.09      0.13926071       69.717531       102.54752       12.128176       2.9957323        2.9957323       12.128176                       12.128176
             10       10.072284       70.006927      0.28114004          147.09      0.13778589       70.006927       102.97319       14.153104       2.9957323        2.9957323       14.153104                       14.153104
              3       9.3149229       68.381637      0.30514594          147.09      0.14268771       68.381637       100.58255       12.638381       2.9957323        2.9957323       12.638381                       12.638381
              6       9.0213478        68.64484      0.29992581          147.09      0.14132846        68.64484        100.9697       12.051231       2.9957323        2.9957323       12.051231                       12.051231
              9       8.9335601       68.568719      0.30758644          147.09      0.14461697       68.568719       100.85773       11.875656       2.9957323        2.9957323       11.875656                       11.875656
              2        8.377969       69.050538      0.29468701          147.09      0.14050608       69.050538       101.56644       10.764473       2.9957323        2.9957323       10.764473                       10.764473
              1       8.8803126        68.42961      0.30727553          147.09      0.14388519        68.42961       100.65311       11.769161       2.9957323        2.9957323       11.769161                       11.769161
              2       9.3462235       68.292081      0.30782803          147.09      0.14356509       68.292081       100.45082       12.700982       2.9957323        2.9957323       12.700982                       12.700982
              6       9.6235147       69.005091      0.29205679          147.09      0.13906876       69.005091       101.49959       13.255565       2.9957323        2.9957323       13.255565                       13.255565
              1       8.7233623       69.434214      0.28855488          147.09      0.13911548       69.434214       102.13079        11.45526       2.9957323        2.9957323        11.45526                        11.45526
              2        8.609884       69.067102      0.29352229          147.09       0.1400179       69.067102        101.5908       11.228303       2.9957323        2.9957323       11.228303                       11.228303
              3       8.8327615       68.453478      0.30715908          147.09      0.14393102       68.453478       100.68822       11.674058       2.9957323        2.9957323       11.674058                       11.674058
              3       8.6723505       68.645191      0.30574878          147.09      0.14407379       68.645191       100.97021       11.353236       2.9957323        2.9957323       11.353236                       11.353236
              1       9.4728905       68.220601      0.31047085          147.09       0.1444947       68.220601       100.34568       12.954316       2.9957323        2.9957323       12.954316                       12.954316
              2       9.1651473       68.353147      0.30686567          147.09      0.14337233       68.353147       100.54064        12.33883       2.9957323        2.9957323        12.33883                        12.33883
              3        10.37801       70.054575      0.27964955          147.09      0.13724203       70.054575       103.04327       14.764555       2.9957323        2.9957323       14.764555                       14.764555
              1       9.6499306       69.872908      0.28579189          147.09      0.13952998       69.872908       102.77606       13.308397       2.9957323        2.9957323       13.308397                       13.308397
              1        10.17538       68.186049      0.30741494          147.09      0.14292757       68.186049       100.29486       14.359296       2.9957323        2.9957323       14.359296                       14.359296
              2       9.0862559       68.405974      0.30928262          147.09      0.14472501       68.405974       100.61835       12.181047       2.9957323        2.9957323       12.181047                       12.181047
              1       8.4278985       68.716748      0.30096043          147.09      0.14211326       68.716748       101.07546       10.864332       2.9957323        2.9957323       10.864332                       10.864332
              1       8.8394381       69.495304      0.29243935          147.09      0.14123643       69.495304       102.22064       11.687412       2.9957323        2.9957323       11.687412                       11.687412
              2       8.3604039       69.299204      0.29440155          147.09      0.14138281       69.299204        101.9322       10.729343       2.9957323        2.9957323       10.729343                       10.729343
              2       8.5057504       68.810262      0.29840104          147.09      0.14128848       68.810262       101.21301       11.020036       2.9957323        2.9957323       11.020036                       11.020036
             12       8.6001064       68.806881      0.29807212          147.09      0.14111887       68.806881       101.20804       11.208748       2.9957323        2.9957323       11.208748                       11.208748
              3       8.5550829       69.473245       0.2894225          147.09      0.13969069       69.473245        102.1882       11.118701       2.9957323        2.9957323       11.118701                       11.118701
              2       8.3619696       69.249106      0.29553025          147.09      0.14171972       69.249106       101.85851       10.732475       2.9957323        2.9957323       10.732475                       10.732475
              1       8.1828537       69.085545      0.29734665          147.09      0.14191798       69.085545       101.61793       10.374243       2.9957323        2.9957323       10.374243                       10.374243
              1       9.3712659       69.221314      0.29929599          147.09      0.14341037       69.221314       101.81763       12.751067       2.9957323        2.9957323       12.751067                       12.751067
              1         9.73104       68.774418      0.30712423          147.09      0.14526732       68.774418       101.16029       13.470615       2.9957323        2.9957323       13.470615                       13.470615
              1       8.5743798       68.676544      0.30496444          147.09      0.14383549       68.676544       101.01633       11.157295       2.9957323        2.9957323       11.157295                       11.157295
              5       8.3885353       69.343714      0.29351715          147.09      0.14113921       69.343714       101.99767       10.785606       2.9957323        2.9957323       10.785606                       10.785606
              4       9.7462246       68.355837      0.30433137          147.09      0.14219946       68.355837        100.5446       13.500985       2.9957323        2.9957323       13.500985                       13.500985
              1       8.9443112       69.273066      0.28962478          147.09      0.13898391       69.273066       101.89375       11.897158       2.9957323        2.9957323       11.897158                       11.897158
              2       8.3090504       69.287866      0.29221596          147.09      0.14028728       69.287866       101.91552       10.626636       2.9957323        2.9957323       10.626636                       10.626636
              3       8.3176877       69.322741       0.2920421          147.09      0.14034499       69.322741       101.96682       10.643911       2.9957323        2.9957323       10.643911                       10.643911
              2       9.3427547       68.270607      0.30887063          147.09      0.14396076       68.270607       100.41924       12.694045       2.9957323        2.9957323       12.694045                       12.694045
              1       10.725859       68.974901      0.30576428          147.09      0.14546849       68.974901       101.45518       15.460254       2.9957323        2.9957323       15.460254                       15.460254
              1       11.486283       68.757677      0.31020225          147.09      0.14665178       68.757677       101.13567       16.981101       2.9957323        2.9957323       16.981101                       16.981101
             14       8.9996274       69.606635      0.28617034          147.09      0.13865192       69.606635        102.3844        12.00779       2.9957323        2.9957323        12.00779                        12.00779
              3       9.2839358       69.095511      0.30124932          147.09      0.14382214       69.095511       101.63259       12.576407       2.9957323        2.9957323       12.576407                       12.576407
              3         9.14195       68.825343      0.30509312          147.09      0.14452041       68.825343        101.2352       12.292435       2.9957323        2.9957323       12.292435                       12.292435
              2         8.75963       69.385868      0.29453378          147.09       0.1418003       69.385868       102.05967       11.527795       2.9957323        2.9957323       11.527795                       11.527795
              5        8.642068       68.966857      0.29502706          147.09      0.14032748       68.966857       101.44335       11.292671       2.9957323        2.9957323       11.292671                       11.292671
              2       8.3336784       68.785695      0.29997539          147.09      0.14193251       68.785695       101.17688       10.675892       2.9957323        2.9957323       10.675892                       10.675892
              4       8.6987785       69.189795      0.29809813          147.09      0.14270636       69.189795       101.77127       11.406093       2.9957323        2.9957323       11.406093                       11.406093
              3        8.864855       68.990862      0.30190526          147.09      0.14369903       68.990862       101.47866       11.738246       2.9957323        2.9957323       11.738246                       11.738246
              6       8.8597072       68.994281      0.30183754          147.09      0.14368103       68.994281       101.48369        11.72795       2.9957323        2.9957323        11.72795                        11.72795
              3       9.5643333       69.077397       0.3021349          147.09      0.14416931       69.077397       101.60594       13.137202       2.9957323        2.9957323       13.137202                       13.137202
              4       8.7227461       69.141082      0.29902911          147.09      0.14295054       69.141082       101.69962       11.454028       2.9957323        2.9957323       11.454028                       11.454028
              2       8.1662611       69.058921      0.29760623          147.09      0.14193242       69.058921       101.57877       10.341058       2.9957323        2.9957323       10.341058                       10.341058
              2       9.2581921       68.787146      0.29652456          147.09      0.14030568       68.787146       101.17901        12.52492       2.9957323        2.9957323        12.52492                        12.52492
              4       8.3096289       68.864037      0.30151257          147.09      0.14298497       68.864037       101.29211       10.627793       2.9957323        2.9957323       10.627793                       10.627793
              2       8.2259727       68.840852      0.30079745          147.09       0.1425498       68.840852       101.25801       10.460481       2.9957323        2.9957323       10.460481                       10.460481
              4       9.3182847       69.083715      0.30151963          147.09      0.14390204       69.083715       101.61524       12.645105       2.9957323        2.9957323       12.645105                       12.645105
              1       10.642799       69.670345      0.28144285          147.09      0.13661115       69.670345       102.47811       15.294133       2.9957323        2.9957323       15.294133                       15.294133
              3       9.0203134       68.383822      0.30700298          147.09      0.14356525       68.383822       100.58576       12.049162       2.9957323        2.9957323       12.049162                       12.049162
              1       8.7165235       68.519947      0.30456523          147.09      0.14299286       68.519947       100.78599       11.441582       2.9957323        2.9957323       11.441582                       11.441582
              2       8.1751587        69.03095      0.29817633          147.09      0.14208913        69.03095       101.53762       10.358853       2.9957323        2.9957323       10.358853                       10.358853
              1       8.3657864        68.72752      0.30303522          147.09      0.14313784        68.72752       101.09131       10.740108       2.9957323        2.9957323       10.740108                       10.740108
              2       8.7211285       68.709427      0.29959292          147.09      0.14143738       68.709427        101.0647       11.450792       2.9957323        2.9957323       11.450792                       11.450792
              3       8.5600072       68.609486       0.3029615          147.09       0.1426119       68.609486       100.91769        11.12855       2.9957323        2.9957323        11.12855                        11.12855
              6       9.7501098       68.240618      0.31301118          147.09      0.14576248       68.240618       100.37512       13.508755       2.9957323        2.9957323       13.508755                       13.508755
              7       10.840758       67.964523      0.31795657          147.09      0.14686975       67.964523       99.969016       15.690052       2.9957323        2.9957323       15.690052                       15.690052
              2       8.6276177       68.709847      0.30492053          147.09      0.14395429       68.709847       101.06531       11.263771       2.9957323        2.9957323       11.263771                       11.263771
              1       9.6538072        68.17315      0.31060215          147.09      0.14435478        68.17315       100.27589        13.31615       2.9957323        2.9957323        13.31615                        13.31615
              4       10.615981       69.969394      0.28667285          147.09      0.14034689       69.969394       102.91798       15.240497       2.9957323        2.9957323       15.240497                       15.240497
              2       8.8455295       69.624482      0.28734103          147.09      0.13929053       69.624482       102.41065       11.699594       2.9957323        2.9957323       11.699594                       11.699594
              5       8.8595985       69.624845      0.28715541          147.09        0.139202       69.624845       102.41118       11.727732       2.9957323        2.9957323       11.727732                       11.727732
              2       8.5162678       68.891252      0.30223226          147.09      0.14343957       68.891252       101.33214       11.041071       2.9957323        2.9957323       11.041071                       11.041071
              2        9.271195       69.108616      0.30100322          147.09      0.14375916       69.108616       101.65186       12.550926       2.9957323        2.9957323       12.550926                       12.550926
              5       9.1168771       69.075189      0.30120058          147.09      0.14371429       69.075189        101.6027        12.24229       2.9957323        2.9957323        12.24229                        12.24229
             10       8.2560095        68.80459      0.30135425          147.09      0.14266326        68.80459       101.20467       10.520554       2.9957323        2.9957323       10.520554                       10.520554
              1       8.1401934       69.047619      0.29676878          147.09       0.1414867       69.047619       101.56214       10.288922       2.9957323        2.9957323       10.288922                       10.288922
              2       8.2795573       69.153724      0.29690507          147.09      0.14198706       69.153724       101.71821        10.56765       2.9957323        2.9957323        10.56765                        10.56765
              1       8.7605752       68.897353      0.30300757          147.09        0.143833       68.897353       101.34112       11.529686       2.9957323        2.9957323       11.529686                       11.529686
              4       8.3120719        69.06953      0.29859753          147.09      0.14244894        69.06953       101.59437       10.632679       2.9957323        2.9957323       10.632679                       10.632679
              8       8.7315804       69.569856      0.28962713          147.09      0.14017851       69.569856        102.3303       11.471696       2.9957323        2.9957323       11.471696                       11.471696
              3       11.177897       69.065024      0.30495412          147.09      0.14546243       69.065024       101.58774       16.364329       2.9957323        2.9957323       16.364329                       16.364329
              6       11.950672       68.681607      0.31195308          147.09      0.14715336       68.681607       101.02378       17.909879       2.9957323        2.9957323       17.909879                       17.909879
              2       8.2305248        69.25235      0.29358412          147.09      0.14079965        69.25235       101.86328       10.469585       2.9957323        2.9957323       10.469585                       10.469585
              4       8.2288642       69.251665      0.29389676          147.09       0.1409468       69.251665       101.86227       10.466264       2.9957323        2.9957323       10.466264                       10.466264
              1       8.8494712       69.613849      0.28918676          147.09      0.14014245       69.613849       102.39501       11.707478       2.9957323        2.9957323       11.707478                       11.707478
              3       9.4091715       69.831507      0.28432544          147.09      0.13864957       69.831507       102.71516       12.826878       2.9957323        2.9957323       12.826878                       12.826878
              7       8.5632764       68.577922      0.30481155          147.09      0.14335078       68.577922       100.87127       11.135088       2.9957323        2.9957323       11.135088                       11.135088
             15       9.4166403       69.464476      0.28612366          147.09      0.13806363       69.464476        102.1753       12.841816       2.9957323        2.9957323       12.841816                       12.841816
              1        11.45738       70.313864      0.27655642          147.09      0.13673059       70.313864       103.42466       16.923295       2.9957323        2.9957323       16.923295                       16.923295
              3       10.109508       69.968913      0.28499268          147.09      0.13952241       69.968913       102.91727       14.227552       2.9957323        2.9957323       14.227552                       14.227552
              2       9.5684195       68.793299       0.3065216          147.09       0.1450619       68.793299       101.18806       13.145375       2.9957323        2.9957323       13.145375                       13.145375
              4       9.3686739       68.925023      0.30414706          147.09      0.14448989       68.925023       101.38182       12.745883       2.9957323        2.9957323       12.745883                       12.745883
              3       8.9874401       68.391916      0.30824889          147.09      0.14418201       68.391916       100.59767       11.983416       2.9957323        2.9957323       11.983416                       11.983416
              4       8.3019394       69.063238      0.29864408          147.09      0.14244519       69.063238       101.58512       10.612414       2.9957323        2.9957323       10.612414                       10.612414
              1        8.304251       69.063624      0.29865104          147.09       0.1424501       69.063624       101.58568       10.617037       2.9957323        2.9957323       10.617037                       10.617037
              1       8.4905599       68.780288      0.30351029          147.09      0.14358246       68.780288       101.16893       10.989655       2.9957323        2.9957323       10.989655                       10.989655
              6       8.4411078       68.963544      0.30088419          147.09      0.14309963       68.963544       101.43848       10.890751       2.9957323        2.9957323       10.890751                       10.890751
              1        8.333689       68.745814      0.30260054          147.09      0.14300862       68.745814       101.11822       10.675913       2.9957323        2.9957323       10.675913                       10.675913
              2        8.166989       68.924734      0.29868267          147.09      0.14189276       68.924734       101.38139       10.342514       2.9957323        2.9957323       10.342514                       10.342514
              2       8.2125961       68.957468      0.29961011          147.09      0.14246857       68.957468       101.42954       10.433728       2.9957323        2.9957323       10.433728                       10.433728
              2        9.417974       69.253124        0.298836          147.09       0.1433216       69.253124       101.86442       12.844483       2.9957323        2.9957323       12.844483                       12.844483
              6       9.5861215       68.228665      0.31218679          147.09      0.14532766       68.228665       100.35754       13.180778       2.9957323        2.9957323       13.180778                       13.180778
              2       9.4483046       68.228555      0.31020584          147.09      0.14440503       68.228555       100.35738       12.905145       2.9957323        2.9957323       12.905145                       12.905145
              1       8.9270443       68.637083      0.30687958          147.09      0.14457248       68.637083       100.95829       11.862624       2.9957323        2.9957323       11.862624                       11.862624
              1        8.765537       68.482907      0.30563562          147.09      0.14334031       68.482907       100.73151       11.539609       2.9957323        2.9957323       11.539609                       11.539609
              2        8.742008       69.462875      0.28824039          147.09      0.13907861       69.462875       102.17294       11.492551       2.9957323        2.9957323       11.492551                       11.492551
              6       9.3058358       69.506469      0.29374802          147.09      0.14191405       69.506469       102.23707       12.620207       2.9957323        2.9957323       12.620207                       12.620207
              1       9.0476322       69.581358      0.29125608          147.09      0.14101354       69.581358       102.34722         12.1038       2.9957323        2.9957323         12.1038                         12.1038
              5        8.376752       69.305019      0.29438818          147.09      0.14140011       69.305019       101.94075       10.762039       2.9957323        2.9957323       10.762039                       10.762039
              7       9.6279405       69.337922      0.28721713          147.09      0.13808674       69.337922       101.98915       13.264417       2.9957323        2.9957323       13.264417                       13.264417
              2       10.122828       69.132326      0.28922876          147.09      0.13823048       69.132326       101.68674       14.254192       2.9957323        2.9957323       14.254192                       14.254192
              2       11.246066       68.185007      0.30496103          147.09      0.14178233       68.185007       100.29333       16.500667       2.9957323        2.9957323       16.500667                       16.500667
              3         10.2517       68.328299      0.30370341          147.09      0.14179172       68.328299       100.50409       14.511935       2.9957323        2.9957323       14.511935                       14.511935
              1       10.750379       68.308471      0.30312219          147.09      0.14143825       68.308471       100.47493       15.509294       2.9957323        2.9957323       15.509294                       15.509294
              4       10.555087       68.318496      0.30328129          147.09      0.14155402       68.318496       100.48968        15.11871       2.9957323        2.9957323        15.11871                        15.11871
              1       9.4930788       69.828371      0.28638568          147.09       0.1396417       69.828371       102.71055       12.994693       2.9957323        2.9957323       12.994693                       12.994693
              2       10.505095        69.34065      0.29926935          147.09      0.14389247        69.34065       101.99316       15.018726       2.9957323        2.9957323       15.018726                       15.018726
              3        9.830823       69.181984      0.30089109          147.09       0.1440109       69.181984       101.75978       13.670181       2.9957323        2.9957323       13.670181                       13.670181
              2       9.1488017       69.608762      0.29099046          147.09      0.14099593       69.608762       102.38753       12.306139       2.9957323        2.9957323       12.306139                       12.306139
              1        9.163974       69.651327      0.28998596          147.09       0.1406811       69.651327       102.45014       12.336484       2.9957323        2.9957323       12.336484                       12.336484
              1       9.9486026         69.8292      0.28828311          147.09      0.14057022         69.8292       102.71177       13.905741       2.9957323        2.9957323       13.905741                       13.905741
              5       10.972682       70.151138      0.28274856          147.09      0.13914571       70.151138       103.18531         15.9539       2.9957323        2.9957323         15.9539                         15.9539
              1       12.502079       70.485538      0.27701379          147.09       0.1376263       70.485538       103.67718       19.012694       2.9957323        2.9957323       19.012694                       19.012694
              1       12.445639       70.135562      0.28650302          147.09      0.14093075       70.135562        103.1624       18.899813       2.9957323        2.9957323       18.899813                       18.899813
              3       10.137294       69.719966       0.2912687          147.09      0.14158203       69.719966        102.5511       14.283124       2.9957323        2.9957323       14.283124                       14.283124
              3       10.246004       69.912205      0.28708323          147.09      0.14031814       69.912205       102.83386       14.500544       2.9957323        2.9957323       14.500544                       14.500544
              2       9.5153924       68.211271      0.31014439          147.09      0.14430329       68.211271       100.33196        13.03932       2.9957323        2.9957323        13.03932                        13.03932
              3       9.0647868       69.428765      0.28742937          147.09      0.13855112       69.428765       102.12277       12.138109       2.9957323        2.9957323       12.138109                       12.138109
              2       9.1330451       69.088545      0.29176756          147.09      0.13926728       69.088545       101.62234       12.274626       2.9957323        2.9957323       12.274626                       12.274626
              4       9.5099965       68.607289      0.29939817          147.09      0.14092553       68.607289       100.91446       13.028528       2.9957323        2.9957323       13.028528                       13.028528
              4       9.5380905         69.8743      0.28394977          147.09      0.13863614         69.8743       102.77811       13.084716       2.9957323        2.9957323       13.084716                       13.084716
              2       9.8901915       69.589405      0.28371512          147.09      0.13739431       69.589405       102.35906       13.788919       2.9957323        2.9957323       13.788919                       13.788919
              4       11.407339       68.954991      0.29016974          147.09      0.13796964       68.954991        101.4259       16.823213       2.9957323        2.9957323       16.823213                       16.823213
              5       8.2890548       69.138955      0.29724468          147.09      0.14208876       69.138955       101.69649       10.586645       2.9957323        2.9957323       10.586645                       10.586645
              2       8.2571314       68.874432      0.29857315          147.09      0.14163377       68.874432        101.3074       10.522798       2.9957323        2.9957323       10.522798                       10.522798
              6       8.3682562       69.043067      0.29932414          147.09      0.14268618       69.043067       101.55545       10.745048       2.9957323        2.9957323       10.745048                       10.745048
              1       8.2280505       69.020768      0.29883501          147.09      0.14236101       69.020768       101.52265       10.464636       2.9957323        2.9957323       10.464636                       10.464636
              2       8.2652468       68.987852      0.29959769          147.09      0.14258824       68.987852       101.47423       10.539029       2.9957323        2.9957323       10.539029                       10.539029
              2       8.1657633       68.919474      0.29902341          147.09      0.14203295       68.919474       101.37365       10.340062       2.9957323        2.9957323       10.340062                       10.340062
             10       8.4076747       68.863582      0.30210331          147.09      0.14326322       68.863582       101.29144       10.823885       2.9957323        2.9957323       10.823885                       10.823885
              2       9.1755218       68.955072      0.29378973          147.09       0.1396912       68.955072       101.42602       12.359579       2.9957323        2.9957323       12.359579                       12.359579
              2       10.410179       68.607023      0.29764212          147.09      0.14009787       68.607023       100.91407       14.828894       2.9957323        2.9957323       14.828894                       14.828894
              7       8.2647399       69.290074      0.29331123          147.09      0.14082208       69.290074       101.91877       10.538015       2.9957323        2.9957323       10.538015                       10.538015
              6       10.398685       68.033739      0.31609496          147.09      0.14630739       68.033739       100.07083       14.805906       2.9957323        2.9957323       14.805906                       14.805906
              3       9.3084397       68.287743      0.30836356          147.09      0.14379658       68.287743       100.44444       12.625415       2.9957323        2.9957323       12.625415                       12.625415
              5       8.4495193       69.141738      0.29302484          147.09      0.14008287       69.141738       101.70058       10.907574       2.9957323        2.9957323       10.907574                       10.907574
              1       9.6374579       68.303865      0.30601299          147.09      0.14276785       68.303865       100.46816       13.283451       2.9957323        2.9957323       13.283451                       13.283451
              3       9.7688994       69.852369      0.28206151          147.09      0.13762778       69.852369       102.74585       13.546334       2.9957323        2.9957323       13.546334                       13.546334
              2       8.6351244        68.96164      0.30165234          147.09      0.14345704        68.96164       101.43568       11.278784       2.9957323        2.9957323       11.278784                       11.278784
              2       8.6405871       68.963278      0.30164606          147.09      0.14346087       68.963278       101.43809        11.28971       2.9957323        2.9957323        11.28971                        11.28971
              2       8.3012949         68.7661      0.30093405          147.09      0.14230499         68.7661       101.14806       10.611125       2.9957323        2.9957323       10.611125                       10.611125
              1        8.309279       69.021802      0.29935232          147.09      0.14261172       69.021802       101.52417       10.627093       2.9957323        2.9957323       10.627093                       10.627093
              7       8.5813094        68.72159      0.30458263          147.09      0.14384393        68.72159       101.08259       11.171154       2.9957323        2.9957323       11.171154                       11.171154
              4       8.8826543       69.561185      0.28695238          147.09      0.13884932       69.561185       102.31755       11.773844       2.9957323        2.9957323       11.773844                       11.773844
              7       8.2653602       69.057872      0.29850753          147.09      0.14235793       69.057872       101.57722       10.539256       2.9957323        2.9957323       10.539256                       10.539256
              6       10.352898       68.923921      0.30598853          147.09      0.14536006       68.923921        101.3802       14.714331       2.9957323        2.9957323       14.714331                       14.714331
              7        8.390327        68.69269      0.30215481          147.09      0.14257735        68.69269       101.04008       10.789189       2.9957323        2.9957323       10.789189                       10.789189
              2       8.3890973       68.722677      0.30114798          147.09      0.14222636       68.722677       101.08418        10.78673       2.9957323        2.9957323        10.78673                        10.78673
              2       8.3196296       68.947701      0.29670254          147.09      0.14104602       68.947701       101.41517       10.647795       2.9957323        2.9957323       10.647795                       10.647795
              2       8.1406231       69.001916      0.29762691          147.09      0.14170804       69.001916       101.49492       10.289782       2.9957323        2.9957323       10.289782                       10.289782
              6       9.4431311       69.300851      0.29803422          147.09      0.14313415       69.300851       101.93462       12.894798       2.9957323        2.9957323       12.894798                       12.894798
              2       9.8198347       68.497935      0.31094278          147.09      0.14589333       68.497935       100.75361       13.648205       2.9957323        2.9957323       13.648205                       13.648205
              2       10.244547       69.680034      0.28206769          147.09      0.13695253       69.680034       102.49236        14.49763       2.9957323        2.9957323        14.49763                        14.49763
              1       10.084742       68.492403      0.31159032          147.09      0.14617354       68.492403       100.74548       14.178019       2.9957323        2.9957323       14.178019                       14.178019
              1       10.252108       68.044055      0.31532674          147.09      0.14599607       68.044055         100.086       14.512751       2.9957323        2.9957323       14.512751                       14.512751
              1       9.4778927       68.227491      0.31120029          147.09      0.14486344       68.227491       100.35582       12.964321       2.9957323        2.9957323       12.964321                       12.964321
              4        9.531325       68.991735      0.29244674          147.09      0.13920054       68.991735       101.47994       13.071186       2.9957323        2.9957323       13.071186                       13.071186
              3       8.5805964        68.76361      0.29902667          147.09      0.14139279        68.76361       101.14439       11.169728       2.9957323        2.9957323       11.169728                       11.169728
              2       8.5369349       69.451463       0.2895647          147.09       0.1396717       69.451463       102.15616       11.082405       2.9957323        2.9957323       11.082405                       11.082405
              1       9.3663294       69.664997      0.28438043          147.09      0.13801585       69.664997       102.47024       12.741194       2.9957323        2.9957323       12.741194                       12.741194
              1       8.3318542       69.088037      0.29839476          147.09       0.1424285       69.088037       101.62159       10.672244       2.9957323        2.9957323       10.672244                       10.672244
              2       8.2129094       68.892847      0.30033305          147.09      0.14254481       68.892847       101.33449       10.434354       2.9957323        2.9957323       10.434354                       10.434354
              1       8.8120568       68.770831      0.30490127          147.09      0.14420083       68.770831       101.15501       11.632649       2.9957323        2.9957323       11.632649                       11.632649
              3        9.096469       69.729318      0.28671204          147.09      0.13940449       69.729318       102.56485       12.201474       2.9957323        2.9957323       12.201474                       12.201474
              2       8.7619642       69.536901      0.29098489          147.09      0.14070227       69.536901       102.28183       11.532464       2.9957323        2.9957323       11.532464                       11.532464
              7       8.3237171       68.818415      0.30208751          147.09      0.14306787       68.818415       101.22501        10.65597       2.9957323        2.9957323        10.65597                        10.65597
              2       8.3552846       68.977159      0.29599507          147.09      0.14082997       68.977159        101.4585       10.719105       2.9957323        2.9957323       10.719105                       10.719105
              5       8.5318409       69.124155      0.29294698          147.09      0.13997443       69.124155       101.67472       11.072217       2.9957323        2.9957323       11.072217                       11.072217
              1       8.6685134       68.681091      0.30539819          147.09      0.14405914       68.681091       101.02302       11.345562       2.9957323        2.9957323       11.345562                       11.345562
              1       8.6497321       68.653134      0.30556628          147.09      0.14402111       68.653134       100.98189          11.308       2.9957323        2.9957323          11.308                          11.308
              1       8.2135286       68.911258      0.30016488          147.09      0.14254114       68.911258       101.36157       10.435593       2.9957323        2.9957323       10.435593                       10.435593
              1       8.2152549       68.913408      0.30016137          147.09      0.14254837       68.913408       101.36473       10.439045       2.9957323        2.9957323       10.439045                       10.439045
              4       8.5047178       68.694432      0.30440086          147.09      0.14364448       68.694432       101.04264       11.017971       2.9957323        2.9957323       11.017971                       11.017971
              1       8.8003252       68.562191      0.30703236          147.09      0.14432897       68.562191       100.84813       11.609186       2.9957323        2.9957323       11.609186                       11.609186
              2       8.9472743        68.91052      0.30335311          147.09      0.14405207        68.91052       101.36048       11.903084       2.9957323        2.9957323       11.903084                       11.903084
              4       9.2450173       69.332531      0.29699969          147.09      0.14276775       69.332531       101.98122        12.49857       2.9957323        2.9957323        12.49857                        12.49857
              1       9.5643273       69.285663      0.29856352          147.09      0.14332551       69.285663       101.91228        13.13719       2.9957323        2.9957323        13.13719                        13.13719
              1       9.4710915       69.245201      0.29908932          147.09      0.14341027       69.245201       101.85277       12.950718       2.9957323        2.9957323       12.950718                       12.950718
             10       8.8786022       68.462624      0.30783057          147.09      0.14428422       68.462624       100.70167        11.76574       2.9957323        2.9957323        11.76574                        11.76574
              7       8.8385328       68.486384      0.30754707          147.09      0.14425141       68.486384       100.73662       11.685601       2.9957323        2.9957323       11.685601                       11.685601
              1       9.9347266         69.8694      0.28139884          147.09       0.1373714         69.8694        102.7709       13.877989       2.9957323        2.9957323       13.877989                       13.877989
              1       9.7887195       69.881633       0.2819566          147.09      0.13769189       69.881633       102.78889       13.585975       2.9957323        2.9957323       13.585975                       13.585975
              1       8.7774641       68.488175      0.30517014          147.09      0.14314403       68.488175       100.73926       11.563464       2.9957323        2.9957323       11.563464                       11.563464
              3       8.7106375       68.503217      0.30596955          147.09      0.14358205       68.503217       100.76138        11.42981       2.9957323        2.9957323        11.42981                        11.42981
             11       8.3192398       68.957958       0.3003625          147.09      0.14282838       68.957958       101.43026       10.647015       2.9957323        2.9957323       10.647015                       10.647015
              3       8.8662349       69.552745      0.28707596          147.09      0.13887542       69.552745       102.30513       11.741005       2.9957323        2.9957323       11.741005                       11.741005
              3       9.0595976        69.68722      0.28833499          147.09      0.14002437        69.68722       102.50293       12.127731       2.9957323        2.9957323       12.127731                       12.127731
              1       9.0874423       69.693759      0.28831869          147.09      0.14004273       69.693759       102.51255        12.18342       2.9957323        2.9957323        12.18342                        12.18342
              1       8.7679572       69.473667       0.2926296          147.09      0.14124032       69.473667       102.18882        11.54445       2.9957323        2.9957323        11.54445                        11.54445
              2       9.4487832       69.833831      0.28385563          147.09      0.13842969       69.833831       102.71858       12.906102       2.9957323        2.9957323       12.906102                       12.906102
              2       11.769863       68.681657      0.29432807          147.09      0.13883956       68.681657       101.02385       17.548261       2.9957323        2.9957323       17.548261                       17.548261
              2       11.230481       68.308682      0.30227137          147.09      0.14104212       68.308682       100.47524       16.469497       2.9957323        2.9957323       16.469497                       16.469497
              2       9.2763731       68.692489      0.29826748          147.09      0.14074222       68.692489       101.03978       12.561282       2.9957323        2.9957323       12.561282                       12.561282
              2       8.2755208       69.129515       0.2973295          147.09      0.14209049       69.129515        101.6826       10.559577       2.9957323        2.9957323       10.559577                       10.559577
              3       8.2192384       68.889539      0.30044116          147.09      0.14258242       68.889539       101.32962       10.447012       2.9957323        2.9957323       10.447012                       10.447012
             13       8.4985986       68.628243      0.30451596          147.09      0.14342201       68.628243       100.94528       11.005733       2.9957323        2.9957323       11.005733                       11.005733
              8       8.5413732        69.12116       0.2987537          147.09      0.14273659        69.12116       101.67031       11.091282       2.9957323        2.9957323       11.091282                       11.091282
             12       9.3555765       69.455736      0.29490301          147.09      0.14226414       69.455736       102.16244       12.719688       2.9957323        2.9957323       12.719688                       12.719688
              2       9.2385768       69.643719       0.2904799          147.09      0.14088994       69.643719       102.43895       12.485689       2.9957323        2.9957323       12.485689                       12.485689
              4       10.614854       69.622375      0.29419091          147.09      0.14260242       69.622375       102.40755       15.238244       2.9957323        2.9957323       15.238244                       15.238244
              2        8.414121       69.204271      0.29671434          147.09      0.14210335       69.204271       101.79256       10.836778       2.9957323        2.9957323       10.836778                       10.836778
              2       9.3328208       68.609648      0.30841797          147.09      0.14518109       68.609648       100.91793       12.674177       2.9957323        2.9957323       12.674177                       12.674177
              2       9.8408302        68.97254      0.29218539          147.09      0.13899876        68.97254       101.45171       13.690196       2.9957323        2.9957323       13.690196                       13.690196
              2       10.265748       69.590843      0.28297121          147.09      0.13703972       69.590843       102.36117       14.540032       2.9957323        2.9957323       14.540032                       14.540032
              1       11.339603       70.250564      0.27635197          147.09      0.13638362       70.250564       103.33155       16.687742       2.9957323        2.9957323       16.687742                       16.687742
              4       9.4784659       69.781919       0.2878055          147.09      0.14014735       69.781919       102.64222       12.965467       2.9957323        2.9957323       12.965467                       12.965467
              1       8.7118558       69.538153      0.29058395          147.09      0.14051346       69.538153       102.28367       11.432247       2.9957323        2.9957323       11.432247                       11.432247
              6       8.8947699       69.647845      0.28709607          147.09       0.1392652       69.647845       102.44502       11.798075       2.9957323        2.9957323       11.798075                       11.798075
              5       8.5072548       69.311087      0.29069603          147.09      0.13965115       69.311087       101.94968       11.023045       2.9957323        2.9957323       11.023045                       11.023045
              2       11.034614       67.856113      0.31509978          147.09      0.14508619       67.856113       99.809557       16.077764       2.9957323        2.9957323       16.077764                       16.077764
              2       13.726928       67.385339      0.32305158          147.09      0.14669074       67.385339       99.117095       21.462392       2.9957323        2.9957323       21.462392                       21.462392
              2       12.455093        67.60637      0.31868057          147.09      0.14565682        67.60637        99.44221       18.918721       2.9957323        2.9957323       18.918721                       18.918721
              1       12.066252       68.582078      0.29575044          147.09      0.13910626       68.582078       100.87738       18.141039       2.9957323        2.9957323       18.141039                       18.141039
              1       12.346644       68.608845      0.29492898          147.09      0.13882819       68.608845       100.91675       18.701823       2.9957323        2.9957323       18.701823                       18.701823
              2        12.48357       70.369337      0.27295656          147.09      0.13516382       70.369337       103.50626       18.975675       2.9957323        2.9957323       18.975675                       18.975675
              1       8.9534796       68.543222      0.30788798          147.09      0.14465111       68.543222       100.82022       11.915495       2.9957323        2.9957323       11.915495                       11.915495
              4        8.362639       68.728061      0.30299461          147.09      0.14312091       68.728061       101.09211       10.733813       2.9957323        2.9957323       10.733813                       10.733813
              5       8.4809496       68.878042      0.29719342          147.09      0.14099404       68.878042       101.31271       10.970435       2.9957323        2.9957323       10.970435                       10.970435
              1       8.6269355       69.004357      0.29445748          147.09      0.14020891       69.004357       101.49851       11.262407       2.9957323        2.9957323       11.262407                       11.262407
              2       8.8299404       68.934698      0.29500089          147.09      0.14018421       68.934698       101.39605       11.668416       2.9957323        2.9957323       11.668416                       11.668416
              2        9.306487       68.605219      0.29994326          147.09      0.14117358       68.605219       100.91142       12.621509       2.9957323        2.9957323       12.621509                       12.621509
              1       10.686094       70.166483      0.27960625          147.09      0.13765953       70.166483       103.20788       15.380723       2.9957323        2.9957323       15.380723                       15.380723
              1       11.111021       69.833992      0.29076452          147.09      0.14179964       69.833992       102.71882       16.230577       2.9957323        2.9957323       16.230577                       16.230577
              1       9.9289102       69.486523      0.29556568          147.09      0.14271025       69.486523       102.20773       13.866356       2.9957323        2.9957323       13.866356                       13.866356
              3       9.0219562       69.703538      0.28678261          147.09      0.13933572       69.703538       102.52693       12.052448       2.9957323        2.9957323       12.052448                       12.052448
              3       10.998839       69.985773      0.27795604          147.09       0.1361431       69.985773       102.94207       16.006214       2.9957323        2.9957323       16.006214                       16.006214
              2       9.0247429       69.699141      0.28740973          147.09      0.13962279       69.699141       102.52047       12.058021       2.9957323        2.9957323       12.058021                       12.058021
              2        9.513646       68.919807      0.30453263          147.09      0.14465116       68.919807       101.37414       13.035827       2.9957323        2.9957323       13.035827                       13.035827
              3       9.9361508       68.466113      0.31157921          147.09      0.14605614       68.466113        100.7068       13.880837       2.9957323        2.9957323       13.880837                       13.880837
              5       10.294917       68.326231      0.31393121          147.09      0.14655796       68.326231       100.50105        14.59837       2.9957323        2.9957323        14.59837                        14.59837
              2       8.6187744       69.490451      0.28883557          147.09      0.13947647       69.490451        102.2135       11.246084       2.9957323        2.9957323       11.246084                       11.246084
              4        8.586786       68.985274      0.29490642          147.09      0.14034502       68.985274       101.47044       11.182107       2.9957323        2.9957323       11.182107                       11.182107
             11        8.780791       69.519298      0.28768619          147.09       0.1390368       69.519298       102.25593       11.570118       2.9957323        2.9957323       11.570118                       11.570118
              1       8.6314218       68.821305       0.3036181          147.09      0.14380483       68.821305       101.22926       11.271379       2.9957323        2.9957323       11.271379                       11.271379
              3       9.7766726       68.173252      0.30947648          147.09      0.14383205       68.173252       100.27604       13.561881       2.9957323        2.9957323       13.561881                       13.561881
              3       9.7945838       68.169931        0.309492          147.09      0.14382525       68.169931       100.27115       13.597703       2.9957323        2.9957323       13.597703                       13.597703
              3         8.24032       68.864137      0.30090568          147.09      0.14269758       68.864137       101.29226       10.489176       2.9957323        2.9957323       10.489176                       10.489176
              3       9.3650626       68.556508      0.30081361          147.09      0.14138224       68.556508       100.83977       12.738661       2.9957323        2.9957323       12.738661                       12.738661
              3       8.1674997       69.014977      0.29673319          147.09      0.14133601       69.014977       101.51413       10.343535       2.9957323        2.9957323       10.343535                       10.343535
             10       8.4221785       68.661549       0.3033676          147.09      0.14301987       68.661549       100.99427       10.852892       2.9957323        2.9957323       10.852892                       10.852892
              2       8.2355322       69.070628      0.29808557          147.09      0.14220922       69.070628       101.59599         10.4796       2.9957323        2.9957323         10.4796                         10.4796
              2       8.6114989       68.614262      0.30560399          147.09      0.14387582       68.614262       100.92472       11.231533       2.9957323        2.9957323       11.231533                       11.231533
              2       9.9207738       68.400837      0.30282719          147.09      0.14168298       68.400837       100.61079       13.850083       2.9957323        2.9957323       13.850083                       13.850083
              4         8.33715       68.814616      0.30222641          147.09      0.14311785       68.814616       101.21942       10.682836       2.9957323        2.9957323       10.682836                       10.682836
              1       8.6332073       68.893903      0.29632142          147.09      0.14064511       68.893903       101.33604        11.27495       2.9957323        2.9957323        11.27495                        11.27495
              3       9.2031138       69.642355      0.28511112          147.09      0.13828054       69.642355       102.43694       12.414763       2.9957323        2.9957323       12.414763                       12.414763
              1       8.2125862       69.129528      0.29683261          147.09      0.14185309       69.129528       101.68262       10.433708       2.9957323        2.9957323       10.433708                       10.433708
              2       10.314385       68.289859      0.30444825          147.09      0.14197959       68.289859       100.44755       14.637305       2.9957323        2.9957323       14.637305                       14.637305
              1        8.851144       68.974633      0.29427264          147.09      0.14000021       68.974633       101.45479       11.710823       2.9957323        2.9957323       11.710823                       11.710823
              6       8.8303244       68.990772      0.30180943          147.09      0.14365304       68.990772       101.47853       11.669184       2.9957323        2.9957323       11.669184                       11.669184
              2       8.5290895       68.994612       0.3007707          147.09      0.14317457       68.994612       101.48417       11.066714       2.9957323        2.9957323       11.066714                       11.066714
              3       8.9269711       69.204273      0.29851931          147.09      0.14296781       69.204273       101.79257       11.862478       2.9957323        2.9957323       11.862478                       11.862478
              1       8.7143666       69.195172      0.29805246          147.09      0.14270668       69.195172       101.77918       11.437269       2.9957323        2.9957323       11.437269                       11.437269
              2       8.2195399       69.030692      0.29861251          147.09      0.14229592       69.030692       101.53725       10.447615       2.9957323        2.9957323       10.447615                       10.447615
              2       8.3415893       68.940958      0.29670216          147.09      0.14101825       68.940958       101.40525       10.691714       2.9957323        2.9957323       10.691714                       10.691714
              5       8.3074923       68.922737      0.29723313          147.09      0.14119595       68.922737       101.37845        10.62352       2.9957323        2.9957323        10.62352                        10.62352
              4       9.2487611       68.596411      0.30834404          147.09      0.14509029       68.596411       100.89846       12.506058       2.9957323        2.9957323       12.506058                       12.506058
              7       9.7227884       68.298963      0.31260049          147.09      0.14582026       68.298963       100.46094       13.454112       2.9957323        2.9957323       13.454112                       13.454112
              3       9.4952911       69.069717      0.30212199          147.09       0.1441311       69.069717       101.59465       12.999118       2.9957323        2.9957323       12.999118                       12.999118
              1       8.6518388       69.539156      0.28879217          147.09      0.13965106       69.539156       102.28514       11.312213       2.9957323        2.9957323       11.312213                       11.312213
             13       8.3503136       68.723966      0.30279023          147.09      0.14300733       68.723966       101.08608       10.709163       2.9957323        2.9957323       10.709163                       10.709163
              1       8.1579552       69.035787      0.29786224          147.09      0.14195935       69.035787       101.54474       10.324446       2.9957323        2.9957323       10.324446                       10.324446
              8       8.3282082       68.920746      0.30092797          147.09      0.14294287       68.920746       101.37553       10.664952       2.9957323        2.9957323       10.664952                       10.664952
              7       8.2990297        69.00582      0.29954002          147.09      0.14263506        69.00582       101.50066       10.606595       2.9957323        2.9957323       10.606595                       10.606595
              1       8.5609791        69.45319      0.29193753          147.09      0.14082324        69.45319        102.1587       11.130494       2.9957323        2.9957323       11.130494                       11.130494
              1       8.2481055       68.900501      0.30062164          147.09      0.14271348       68.900501       101.34575       10.504746       2.9957323        2.9957323       10.504746                       10.504746
              9       8.6157844       68.907374       0.2961416          147.09      0.14061473       68.907374       101.35586       11.240104       2.9957323        2.9957323       11.240104                       11.240104
              3       9.2404011       68.483602      0.30282572          147.09      0.14202538       68.483602       100.73253       12.489338       2.9957323        2.9957323       12.489338                       12.489338
              8       8.3580766        69.35678      0.29275939          147.09      0.14082789        69.35678       102.01689       10.724689       2.9957323        2.9957323       10.724689                       10.724689
              3       8.7971942       68.579589      0.30224739          147.09      0.14215179       68.579589       100.87372       11.602924       2.9957323        2.9957323       11.602924                       11.602924
              3        9.186019       69.761325       0.2856473          147.09      0.13901433       69.761325       102.61193       12.380573       2.9957323        2.9957323       12.380573                       12.380573
              3       8.1869711       69.185377      0.29445531          147.09      0.14094446       69.185377       101.76477       10.382478       2.9957323        2.9957323       10.382478                       10.382478
              2       8.3223527       69.202061      0.29289126          147.09      0.14026344       69.202061       101.78931       10.653241       2.9957323        2.9957323       10.653241                       10.653241
              5       13.544063       70.388317      0.27081964          147.09        0.134178       70.388317       103.53418       21.096661       2.9957323        2.9957323       21.096661                       21.096661
              3       9.5629238       69.830142      0.28301562          147.09      0.13800545       69.830142       102.71316       13.134383       2.9957323        2.9957323       13.134383                       13.134383
              2       9.5067119       69.788726      0.28328621          147.09      0.13797359       69.788726       102.65224       13.021959       2.9957323        2.9957323       13.021959                       13.021959
              2       8.9142658       69.660842      0.28766576          147.09      0.13959363       69.660842       102.46413       11.837067       2.9957323        2.9957323       11.837067                       11.837067
              1       10.431766       69.503574      0.29616268          147.09       0.1430687       69.503574       102.23281       14.872068       2.9957323        2.9957323       14.872068                       14.872068
              1       9.8655778        68.41962      0.31192915          147.09      0.14602166        68.41962       100.63842       13.739691       2.9957323        2.9957323       13.739691                       13.739691
              6       8.9403701       69.163998      0.29926055          147.09      0.14315603       69.163998       101.73333       11.889276       2.9957323        2.9957323       11.889276                       11.889276
              7       9.1349225        69.50942      0.29319178          147.09      0.14165735        69.50942       102.24141        12.27838       2.9957323        2.9957323        12.27838                        12.27838
              4        10.21792       68.477022      0.31205143          147.09      0.14632411       68.477022       100.72285       14.444375       2.9957323        2.9957323       14.444375                       14.444375
              1       8.2016838       69.069485       0.2954998          147.09      0.14097095       69.069485       101.59431       10.411903       2.9957323        2.9957323       10.411903                       10.411903
              3       9.5367535       68.413213      0.31109043          147.09      0.14560176       68.413213         100.629       13.082042       2.9957323        2.9957323       13.082042                       13.082042
              2        9.653455         68.2565      0.31254244          147.09      0.14561195         68.2565       100.39849       13.315445       2.9957323        2.9957323       13.315445                       13.315445
              1       8.9516794       69.213354      0.29842524          147.09      0.14296026       69.213354       101.80592       11.911894       2.9957323        2.9957323       11.911894                       11.911894
              6       8.8177937       68.793183      0.29758315          147.09      0.14083129       68.793183       101.18789       11.644123       2.9957323        2.9957323       11.644123                       11.644123
              7       9.1024556       68.804106      0.29658957          147.09      0.14040565       68.804106       101.20396       12.213447       2.9957323        2.9957323       12.213447                       12.213447
              1       10.118978       69.674158      0.29219892          147.09      0.14184762       69.674158       102.48372       14.246491       2.9957323        2.9957323       14.246491                       14.246491
              5       8.8108155       69.374802      0.29494648          147.09       0.1419537       69.374802        102.0434       11.630166       2.9957323        2.9957323       11.630166                       11.630166
              2       8.5062615       69.315156      0.29065952          147.09         0.13965       69.315156       101.95566       11.021059       2.9957323        2.9957323       11.021059                       11.021059
              6       8.3790199       69.382771       0.2914236          147.09      0.14029041       69.382771       102.05512       10.766575       2.9957323        2.9957323       10.766575                       10.766575
              1       9.1291964       69.633005      0.28546121          147.09      0.13841316       69.633005       102.42319       12.266928       2.9957323        2.9957323       12.266928                       12.266928
             19       9.2053572       68.856207      0.29540802          147.09      0.14005818       68.856207        101.2806        12.41925       2.9957323        2.9957323        12.41925                        12.41925
              3       9.4043319       69.379181      0.29649918          147.09      0.14271902       69.379181       102.04984       12.817199       2.9957323        2.9957323       12.817199                       12.817199
              1       10.068411       68.734268      0.30834071          147.09      0.14567247       68.734268       101.10123       14.145357       2.9957323        2.9957323       14.145357                       14.145357
              1       9.7868303          68.247      0.30704467          147.09      0.14301075          68.247       100.38451       13.582196       2.9957323        2.9957323       13.582196                       13.582196
              3       11.536316       68.732646      0.31064541          147.09      0.14675438       68.732646       101.09885       17.081167       2.9957323        2.9957323       17.081167                       17.081167
              2       11.431277       68.587562      0.31261117          147.09      0.14706022       68.587562       100.88544        16.87109       2.9957323        2.9957323        16.87109                        16.87109
              1       10.333147       68.135234      0.31562104          147.09      0.14652423       68.135234       100.22011        14.67483       2.9957323        2.9957323        14.67483                        14.67483
              7       10.384375       68.121239      0.31586087          147.09      0.14657534       68.121239       100.19953       14.777286       2.9957323        2.9957323       14.777286                       14.777286
              1       10.573047       67.941481      0.31614733          147.09      0.14593502       67.941481       99.935124        15.15463       2.9957323        2.9957323        15.15463                        15.15463
              4       10.780312       67.904334       0.3172318          147.09      0.14627553       67.904334       99.880484        15.56916       2.9957323        2.9957323        15.56916                        15.56916
              2       11.308567       67.827107      0.31963558          147.09      0.14704887       67.827107       99.766892       16.625669       2.9957323        2.9957323       16.625669                       16.625669
              1       11.135869       67.849468      0.31889374          147.09      0.14680434       67.849468       99.799783       16.280274       2.9957323        2.9957323       16.280274                       16.280274
              7       9.7472629       68.950373      0.30452023          147.09       0.1447736       68.950373        101.4191       13.503061       2.9957323        2.9957323       13.503061                       13.503061
              1       10.028519       68.611127      0.30996412          147.09       0.1459152       68.611127       100.92011       14.065574       2.9957323        2.9957323       14.065574                       14.065574
              2       8.7003289       68.589222      0.30630772          147.09      0.14410189       68.589222       100.88789       11.409193       2.9957323        2.9957323       11.409193                       11.409193
              6        8.950568       68.902719      0.29522207          147.09      0.14015918       68.902719       101.34901       11.909671       2.9957323        2.9957323       11.909671                       11.909671
              1       9.9479891       68.690464      0.29688855          147.09      0.14008329       68.690464        101.0368       13.904514       2.9957323        2.9957323       13.904514                       13.904514
              4        8.733832       68.928631      0.29538653          147.09      0.14034275       68.928631       101.38712       11.476199       2.9957323        2.9957323       11.476199                       11.476199
              5       8.6977703       69.118755      0.29933254          147.09       0.1430032       69.118755       101.66678       11.404076       2.9957323        2.9957323       11.404076                       11.404076
              1        9.389696       69.344706      0.29711142          147.09      0.14287162       69.344706       101.99913       12.787927       2.9957323        2.9957323       12.787927                       12.787927
              2       9.4465907       69.170124      0.28988502          147.09      0.13869566       69.170124       101.74233       12.901717       2.9957323        2.9957323       12.901717                       12.901717
              1       9.4573095        69.16287      0.28996885          147.09      0.13870667        69.16287       101.73166       12.923154       2.9957323        2.9957323       12.923154                       12.923154
              7       11.175887       69.380662      0.28418486          147.09      0.13679739       69.380662       102.05202       16.360309       2.9957323        2.9957323       16.360309                       16.360309
              1       10.223378       70.039856      0.28299431          147.09      0.13882516       70.039856       103.02162       14.455291       2.9957323        2.9957323       14.455291                       14.455291
              1       10.191915       68.710477      0.30890194          147.09      0.14583661       68.710477       101.06624       14.392365       2.9957323        2.9957323       14.392365                       14.392365
             13       8.5160333       68.819755      0.29816519          147.09      0.14121577       68.819755       101.22698       11.040602       2.9957323        2.9957323       11.040602                       11.040602
              5       9.9354713       68.954259      0.29231818          147.09      0.13898823       68.954259       101.42482       13.879478       2.9957323        2.9957323       13.879478                       13.879478
              1       10.244771       69.961339       0.2800721          147.09      0.13708378       69.961339       102.90613       14.498077       2.9957323        2.9957323       14.498077                       14.498077
              1       9.3170127       69.798495      0.28465292          147.09      0.13867806       69.798495       102.66661       12.642561       2.9957323        2.9957323       12.642561                       12.642561
              1       9.4990712       68.303143      0.30659144          147.09       0.1430347       68.303143       100.46709       13.006678       2.9957323        2.9957323       13.006678                       13.006678
             10       10.260552       68.392847      0.30224952          147.09      0.14137967       68.392847       100.59904        14.52964       2.9957323        2.9957323        14.52964                        14.52964
              7       9.6268307       68.619842      0.29888386          147.09      0.14073493       68.619842       100.93293       13.262197       2.9957323        2.9957323       13.262197                       13.262197
             12        9.381312       68.894998      0.30462934          147.09      0.14459295       68.894998       101.33765        12.77116       2.9957323        2.9957323        12.77116                        12.77116
              3       9.1939091       69.047746      0.30182861          147.09      0.14389955       69.047746       101.56233       12.396354       2.9957323        2.9957323       12.396354                       12.396354
              4       9.1636532       69.367763      0.28786729          147.09      0.13851847       69.367763       102.03304       12.335842       2.9957323        2.9957323       12.335842                       12.335842
             10       8.7421716       69.272434      0.29672175          147.09      0.14238698       69.272434       101.89282       11.492879       2.9957323        2.9957323       11.492879                       11.492879
              4       10.133134       68.393818      0.31284038          147.09      0.14633779       68.393818       100.60047       14.274804       2.9957323        2.9957323       14.274804                       14.274804
              3       9.7724206       68.244475      0.31308643          147.09      0.14581401       68.244475        100.3808       13.553377       2.9957323        2.9957323       13.553377                       13.553377
              4       8.4998616       68.860339      0.29744654          147.09       0.1410416       68.860339       101.28667       11.008259       2.9957323        2.9957323       11.008259                       11.008259
              2       8.2681415       69.194245      0.29601588          147.09      0.14172777       69.194245       101.77782       10.544818       2.9957323        2.9957323       10.544818                       10.544818
              2       8.1382333       69.055151      0.29681239          147.09      0.14153837       69.055151       101.57322       10.285002       2.9957323        2.9957323       10.285002                       10.285002
              1       8.7983581       69.431905      0.28827039          147.09      0.13896908       69.431905       102.12739       11.605252       2.9957323        2.9957323       11.605252                       11.605252
              1       11.956335       70.337257       0.2802894          147.09       0.1386684       70.337257       103.45907       17.921206       2.9957323        2.9957323       17.921206                       17.921206
              1       12.306567       69.997166      0.28927694          147.09      0.14173422       69.997166       102.95883       18.621669       2.9957323        2.9957323       18.621669                       18.621669
              1       9.3058086       69.363805      0.29655908          147.09      0.14268458       69.363805       102.02722       12.620153       2.9957323        2.9957323       12.620153                       12.620153
              1       8.6804075        68.51874      0.30527936          147.09      0.14332309        68.51874       100.78421        11.36935       2.9957323        2.9957323        11.36935                        11.36935
             13       8.6713673       68.523612      0.30516071          147.09      0.14328777       68.523612       100.79138        11.35127       2.9957323        2.9957323        11.35127                        11.35127
              2       8.5754349       68.570291      0.30478176          147.09      0.14330487       68.570291       100.86004       11.159405       2.9957323        2.9957323       11.159405                       11.159405
              4       8.8110153       69.050219      0.30080979          147.09      0.14342408       69.050219       101.56597       11.630566       2.9957323        2.9957323       11.630566                       11.630566
              1       8.3313517       68.872004      0.30156529          147.09      0.14304306       68.872004       101.30383       10.671239       2.9957323        2.9957323       10.671239                       10.671239
             11       8.6865492       69.530333      0.28828723          147.09      0.13937152       69.530333       102.27217       11.381634       2.9957323        2.9957323       11.381634                       11.381634
              2       8.2676359       69.213636       0.2931703          147.09      0.14044404       69.213636       101.80634       10.543807       2.9957323        2.9957323       10.543807                       10.543807
              9        8.349079       69.048487      0.29485947          147.09      0.14057996       69.048487       101.56342       10.706694       2.9957323        2.9957323       10.706694                       10.706694
              1       8.1517058       68.955003      0.29839499          147.09      0.14188063       68.955003       101.42591       10.311947       2.9957323        2.9957323       10.311947                       10.311947
              3       8.4080492       68.972048      0.29583045          147.09      0.14073079       68.972048       101.45098       10.824634       2.9957323        2.9957323       10.824634                       10.824634
              4       8.5710868       69.151701      0.29241153          147.09      0.13982996       69.151701       101.71524       11.150709       2.9957323        2.9957323       11.150709                       11.150709
              5       8.9296428        68.89546      0.29540333          147.09      0.14021568        68.89546       101.33833       11.867821       2.9957323        2.9957323       11.867821                       11.867821
              3       9.4846043       68.948375      0.29324464          147.09      0.13940493       68.948375       101.41617       12.977744       2.9957323        2.9957323       12.977744                       12.977744
              3       9.4374518        68.26983      0.31136626          147.09      0.14512064        68.26983       100.41809       12.883439       2.9957323        2.9957323       12.883439                       12.883439
              2       10.029173       69.698431      0.29148768          147.09      0.14160097       69.698431       102.51942       14.066882       2.9957323        2.9957323       14.066882                       14.066882
              1       8.6560809       68.591348      0.30601349          147.09       0.1439724       68.591348       100.89101       11.320697       2.9957323        2.9957323       11.320697                       11.320697
              2       8.5606486       68.877298      0.29688513          147.09      0.14084475       68.877298       101.31162       11.129833       2.9957323        2.9957323       11.129833                       11.129833
              5       8.3094964       69.239185      0.29258578          147.09      0.14026752       69.239185       101.84392       10.627528       2.9957323        2.9957323       10.627528                       10.627528
              1       9.2155288       69.662016       0.2849556          147.09      0.13828315       69.662016       102.46586       12.439593       2.9957323        2.9957323       12.439593                       12.439593
              1       9.1302842       69.733982      0.28561365          147.09      0.13888901       69.733982       102.57171       12.269104       2.9957323        2.9957323       12.269104                       12.269104
              6       10.639838       69.225613       0.3014896          147.09      0.14447941       69.225613       101.82395       15.288212       2.9957323        2.9957323       15.288212                       15.288212
              3       10.737301       69.276977      0.30074882          147.09      0.14433837       69.276977       101.89951       15.483138       2.9957323        2.9957323       15.483138                       15.483138
              4       8.9545539       69.644925       0.2863982          147.09      0.13891503       69.644925       102.44072       11.917643       2.9957323        2.9957323       11.917643                       11.917643
             11        8.618189        69.52596        0.289861          147.09      0.14011472        69.52596       102.26574       11.244913       2.9957323        2.9957323       11.244913                       11.244913
             13       8.5518857       69.492185      0.29028577          147.09      0.14018375       69.492185       102.21605       11.112307       2.9957323        2.9957323       11.112307                       11.112307
              3       8.2437634       69.226183      0.29330952          147.09      0.14056168       69.226183       101.82479       10.496062       2.9957323        2.9957323       10.496062                       10.496062
              8       8.2730872       69.157328      0.29375342          147.09       0.1404945       69.157328       101.72351        10.55471       2.9957323        2.9957323        10.55471                        10.55471
              4       9.7963235       69.655054      0.28326975          147.09      0.13743757       69.655054       102.45562       13.601182       2.9957323        2.9957323       13.601182                       13.601182
              9       12.284138         69.4304      0.28216127          147.09      0.13601811         69.4304       102.12518       18.576812       2.9957323        2.9957323       18.576812                       18.576812
              1       8.9760625       69.300795      0.28918386          147.09      0.13888345       69.300795       101.93454       11.960661       2.9957323        2.9957323       11.960661                       11.960661
              1       8.4855559       69.268739      0.29125558          147.09      0.13974903       69.268739       101.88739       10.979647       2.9957323        2.9957323       10.979647                       10.979647
              8       8.5874435       68.778406      0.29869278          147.09       0.1412957       68.778406       101.16616       11.183422       2.9957323        2.9957323       11.183422                       11.183422
              2       8.8925572       69.624892      0.28918144          147.09      0.14018433       69.624892       102.41125        11.79365       2.9957323        2.9957323        11.79365                        11.79365
              6       9.1913525       68.313376      0.30927406          147.09      0.14432946       68.313376       100.48214       12.391241       2.9957323        2.9957323       12.391241                       12.391241
              3       9.0314964       68.952944      0.30293275          147.09      0.14402963       68.952944       101.42288       12.071528       2.9957323        2.9957323       12.071528                       12.071528
              1       9.2332389       68.658826      0.30755196          147.09      0.14498105       68.658826       100.99027       12.475013       2.9957323        2.9957323       12.475013                       12.475013
              8       8.5142288       68.717411      0.30036708          147.09      0.14183582       68.717411       101.07644       11.036993       2.9957323        2.9957323       11.036993                       11.036993
              2       8.3859872        69.22335      0.29619678          147.09      0.14193371        69.22335       101.82063        10.78051       2.9957323        2.9957323        10.78051                        10.78051
              5       8.1765834       69.156691       0.2947876          147.09      0.14098653       69.156691       101.72258       10.361702       2.9957323        2.9957323       10.361702                       10.361702
              1       8.7646107       69.116414      0.29957829          147.09       0.1431109       69.116414       101.66333       11.537757       2.9957323        2.9957323       11.537757                       11.537757
              8        8.756372        68.91571      0.30272716          147.09      0.14377648        68.91571       101.36812        11.52128       2.9957323        2.9957323        11.52128                        11.52128
              2       9.1454493       68.347551      0.30951967          147.09      0.14458864       68.347551       100.53241       12.299434       2.9957323        2.9957323       12.299434                       12.299434
              2       10.696058        68.61424      0.31111225          147.09      0.14646897        68.61424       100.92469       15.400652       2.9957323        2.9957323       15.400652                       15.400652
              1       8.3251916       68.879444      0.30143672          147.09      0.14301297       68.879444       101.31477       10.658919       2.9957323        2.9957323       10.658919                       10.658919
              2       8.2790465       69.043008      0.29883685          147.09      0.14245364       69.043008       101.55536       10.566628       2.9957323        2.9957323       10.566628                       10.566628
             10       8.5530963        69.38984      0.29351731          147.09      0.14132712        69.38984       102.06552       11.114728       2.9957323        2.9957323       11.114728                       11.114728
              4       8.4804452       69.402078      0.29272504          147.09      0.14099536       69.402078       102.08352       10.969426       2.9957323        2.9957323       10.969426                       10.969426
              4       8.9948893       69.614683      0.29016165          147.09      0.14061826       69.614683       102.39624       11.998314       2.9957323        2.9957323       11.998314                       11.998314
              1       9.2061391       69.652069      0.29014443          147.09      0.14076098       69.652069       102.45123       12.420814       2.9957323        2.9957323       12.420814                       12.420814
              1       9.0038741       69.216836      0.29850206          147.09      0.14301146       69.216836       101.81104       12.016284       2.9957323        2.9957323       12.016284                       12.016284
              2        8.961052       69.342842      0.29605445          147.09       0.1423557       69.342842       101.99639       11.930639       2.9957323        2.9957323       11.930639                       11.930639
              2       8.4121653       69.348006      0.29095422          147.09      0.13992413       69.348006       102.00398       10.832866       2.9957323        2.9957323       10.832866                       10.832866
              5       9.1629842       69.705741      0.28510486          147.09      0.13852932       69.705741       102.53017       12.334504       2.9957323        2.9957323       12.334504                       12.334504
              1       8.3453649         68.7794      0.30003074          147.09      0.14193272         68.7794       101.16762       10.699265       2.9957323        2.9957323       10.699265                       10.699265
              9       8.4517953       69.374815      0.29322636          147.09      0.14112589       69.374815       102.04342       10.912126       2.9957323        2.9957323       10.912126                       10.912126
              5       8.8156161        69.61876      0.28777607          147.09      0.13947849        69.61876       102.40223       11.639768       2.9957323        2.9957323       11.639768                       11.639768
              2       9.7625747       69.564186      0.28425316          147.09      0.13755511       69.564186       102.32196       13.533685       2.9957323        2.9957323       13.533685                       13.533685
              4       10.469381       69.427669      0.28458758          147.09      0.13717694       69.427669       102.12116       14.947298       2.9957323        2.9957323       14.947298                       14.947298
              5       9.9934229       68.834397      0.29423002          147.09      0.13941131       68.834397       101.24851       13.995381       2.9957323        2.9957323       13.995381                       13.995381
              6       9.0974137        69.56429      0.28603774          147.09      0.13841911        69.56429       102.32211       12.203363       2.9957323        2.9957323       12.203363                       12.203363
              1       8.2190804       69.213458      0.29372337          147.09      0.14070826       69.213458       101.80607       10.446696       2.9957323        2.9957323       10.446696                       10.446696
              1       8.6280787       69.164677      0.29830711          147.09      0.14270274       69.164677       101.73432       11.264693       2.9957323        2.9957323       11.264693                       11.264693
              1       8.6440871       68.802647      0.30390581          147.09      0.14386306       68.802647       101.20181        11.29671       2.9957323        2.9957323        11.29671                        11.29671
              1       9.3685164       68.452426      0.30314833          147.09      0.14204726       68.452426       100.68667       12.745568       2.9957323        2.9957323       12.745568                       12.745568
              4       9.1638168       68.733036      0.29776548          147.09      0.14067127       68.733036       101.09942       12.336169       2.9957323        2.9957323       12.336169                       12.336169
              3       8.7357479       68.604192      0.30193311          147.09      0.14210588       68.604192       100.90991       11.480031       2.9957323        2.9957323       11.480031                       11.480031
              7        8.756977       68.582295      0.30666966          147.09      0.14424303       68.582295        100.8777       11.522489       2.9957323        2.9957323       11.522489                       11.522489
             13       8.2821095        68.82463      0.30166434          147.09      0.14289326        68.82463       101.23415       10.572754       2.9957323        2.9957323       10.572754                       10.572754
              1       9.8865751       69.556117      0.29411716          147.09      0.14229545       69.556117       102.31009       13.781686       2.9957323        2.9957323       13.781686                       13.781686
              1       10.594429       69.369333      0.29889783          147.09      0.14383275       69.369333       102.03535       15.197394       2.9957323        2.9957323       15.197394                       15.197394
              2       10.616992       68.584803      0.29772354          147.09      0.14004544       68.584803       100.88139       15.242519       2.9957323        2.9957323       15.242519                       15.242519
              1       9.0401329       69.614815      0.29038124          147.09      0.14072521       69.614815       102.39643       12.088801       2.9957323        2.9957323       12.088801                       12.088801
              1       10.695609       68.814561       0.3082054          147.09      0.14594894       68.814561       101.21934       15.399754       2.9957323        2.9957323       15.399754                       15.399754
              4       13.715094       69.173874       0.2843105          147.09      0.13604328       69.173874       101.74785       21.438724       2.9957323        2.9957323       21.438724                       21.438724
              2       10.197598       68.701406      0.29624353          147.09      0.13982349       68.701406        101.0529       14.403732       2.9957323        2.9957323       14.403732                       14.403732
              5       9.4392497       69.246519       0.2888204          147.09      0.13849171       69.246519        101.8547       12.887035       2.9957323        2.9957323       12.887035                       12.887035
              1       9.0181889       68.698096      0.29884274          147.09      0.14103669       68.698096       101.04803       12.044913       2.9957323        2.9957323       12.044913                       12.044913
              9        8.620106       68.711187      0.29997549          147.09      0.14162524       68.711187       101.06728       11.248747       2.9957323        2.9957323       11.248747                       11.248747
              4       8.5376833       69.485889      0.29016639          147.09      0.14010071       69.485889       102.20679       11.083902       2.9957323        2.9957323       11.083902                       11.083902
              2       8.3724692       69.361372      0.29281927          147.09      0.14087535       69.361372       102.02364       10.753474       2.9957323        2.9957323       10.753474                       10.753474
              2       8.5843612       69.275073       0.2960979          147.09      0.14209844       69.275073        101.8967       11.177258       2.9957323        2.9957323       11.177258                       11.177258
              6        9.179824       68.893724      0.29481472          147.09      0.13992924       68.893724       101.33578       12.368184       2.9957323        2.9957323       12.368184                       12.368184
              8       9.4840951        68.79191      0.30636201          147.09      0.14498051        68.79191       101.18602       12.976726       2.9957323        2.9957323       12.976726                       12.976726
              6       9.9305605       68.177963      0.30853112          147.09      0.14341251       68.177963       100.28297       13.869656       2.9957323        2.9957323       13.869656                       13.869656
              5       9.7762973       69.929633      0.28237388          147.09      0.13808516       69.929633        102.8595        13.56113       2.9957323        2.9957323        13.56113                        13.56113
              2       8.8324882       69.542078      0.28730102          147.09      0.13894167       69.542078       102.28944       11.673512       2.9957323        2.9957323       11.673512                       11.673512
              4       8.5940595       68.790107      0.30386516          147.09      0.14379139       68.790107       101.18337       11.196654       2.9957323        2.9957323       11.196654                       11.196654
              1       8.5054951       68.935839      0.29604694          147.09      0.14068595       68.935839       101.39773       11.019526       2.9957323        2.9957323       11.019526                       11.019526
              1       8.4597251       69.177098      0.29250003          147.09      0.13997504       69.177098       101.75259       10.927986       2.9957323        2.9957323       10.927986                       10.927986
              3       8.6782591       69.495101       0.2883912          147.09      0.13928052       69.495101       102.22034       11.365054       2.9957323        2.9957323       11.365054                       11.365054
              1       8.3229749       69.213584      0.29275694          147.09       0.1402458       69.213584       101.80626       10.654485       2.9957323        2.9957323       10.654485                       10.654485
              8        10.80803       70.100431      0.27797707          147.09      0.13659989       70.100431       103.11072       15.624596       2.9957323        2.9957323       15.624596                       15.624596
              1       9.2893185       69.782194      0.28463968          147.09      0.13860685       69.782194       102.64263       12.587172       2.9957323        2.9957323       12.587172                       12.587172
              1       9.2796018       69.526398      0.28581337          147.09       0.1381599       69.526398       102.26638       12.567739       2.9957323        2.9957323       12.567739                       12.567739
              1       8.2442433       69.201321      0.29350384          147.09      0.14055379       69.201321       101.78822       10.497022       2.9957323        2.9957323       10.497022                       10.497022
              1       8.6627929       68.895195      0.29619823          147.09      0.14059191       68.895195       101.33794       11.334121       2.9957323        2.9957323       11.334121                       11.334121
              1       8.8218055       68.816985      0.29712192          147.09      0.14071033       68.816985        101.2229       11.652146       2.9957323        2.9957323       11.652146                       11.652146
              2       9.1125422       68.888344      0.29506552          147.09      0.14002641       68.888344       101.32787        12.23362       2.9957323        2.9957323        12.23362                        12.23362
              2       8.1643836       69.120326      0.29531281          147.09      0.14108922       69.120326       101.66909       10.337303       2.9957323        2.9957323       10.337303                       10.337303
              5       8.2866495       68.817937       0.3017596          147.09      0.14291059       68.817937        101.2243       10.581834       2.9957323        2.9957323       10.581834                       10.581834
              3       8.2446517       68.966736      0.29684445          147.09      0.14119141       68.966736       101.44317       10.497839       2.9957323        2.9957323       10.497839                       10.497839
              2       8.3044411       68.783825      0.30214882          147.09      0.14295309       68.783825       101.17413       10.617418       2.9957323        2.9957323       10.617418                       10.617418
              2       8.3401731       68.720544      0.30239652          147.09      0.14280715       68.720544       101.08105       10.688882       2.9957323        2.9957323       10.688882                       10.688882
             12       8.2192101       68.968283      0.29702043          147.09      0.14128145       68.968283       101.44545       10.446956       2.9957323        2.9957323       10.446956                       10.446956
              1       11.233779       69.320633      0.28492551          147.09      0.13691669       69.320633       101.96372       16.476094       2.9957323        2.9957323       16.476094                       16.476094
              5       10.842618       69.191702      0.28728024          147.09      0.13753517       69.191702       101.77407       15.693772       2.9957323        2.9957323       15.693772                       15.693772
              4       8.2994068       68.759522      0.30124921          147.09      0.14242677       68.759522       101.13838       10.607349       2.9957323        2.9957323       10.607349                       10.607349
              4       8.7811288       68.880471      0.30331373          147.09      0.14390779       68.880471       101.31629       11.570793       2.9957323        2.9957323       11.570793                       11.570793
              6       8.6764162        68.94514       0.3020375          147.09      0.14357148        68.94514       101.41141       11.361368       2.9957323        2.9957323       11.361368                       11.361368
              1       8.7407969       68.932691      0.30242816          147.09      0.14370527       68.932691        101.3931       11.490129       2.9957323        2.9957323       11.490129                       11.490129
              4       11.034998        70.22614      0.28018734          147.09      0.13818029        70.22614       103.29563       16.078531       2.9957323        2.9957323       16.078531                       16.078531
              1       8.9790305       69.464327      0.29365344          147.09      0.14169638       69.464327       102.17508       11.966596       2.9957323        2.9957323       11.966596                       11.966596
              9       8.4322413       69.331518      0.29092467          147.09       0.1398434       69.331518       101.97973       10.873018       2.9957323        2.9957323       10.873018                       10.873018
              2       8.5255035       68.598267      0.30410425          147.09      0.14310301       68.598267       100.90119       11.059542       2.9957323        2.9957323       11.059542                       11.059542
              4       9.3866488       68.286885      0.30773374          147.09      0.14349928       68.286885       100.44318       12.781833       2.9957323        2.9957323       12.781833                       12.781833
              5       8.8763081       69.623858      0.28696437          147.09      0.13910545       69.623858       102.40973       11.761152       2.9957323        2.9957323       11.761152                       11.761152
              8       10.437183       69.013328      0.29056847          147.09       0.1383931       69.013328        101.5117       14.882902       2.9957323        2.9957323       14.882902                       14.882902
              1       8.2144293       68.845475      0.30000287          147.09      0.14219234       68.845475       101.26481       10.437394       2.9957323        2.9957323       10.437394                       10.437394
              2       8.3876502       69.003662       0.2953933          147.09      0.14065168       69.003662       101.49749       10.783836       2.9957323        2.9957323       10.783836                       10.783836
              5        8.189647         68.9674      0.29732755          147.09      0.14142391         68.9674       101.44415       10.387829       2.9957323        2.9957323       10.387829                       10.387829
              2       8.1984724       68.880417       0.3001738          147.09      0.14241782       68.880417        101.3162        10.40548       2.9957323        2.9957323        10.40548                        10.40548
              5       8.3541459       68.828946      0.30220019          147.09      0.14316504       68.828946        101.2405       10.716827       2.9957323        2.9957323       10.716827                       10.716827
              8        8.835612       69.371488      0.28875929          147.09      0.13896262       69.371488       102.03852       11.679759       2.9957323        2.9957323       11.679759                       11.679759
              8       8.8551419       68.950053      0.29467104          147.09      0.14008985       68.950053       101.41863       11.718819       2.9957323        2.9957323       11.718819                       11.718819
              4       9.9661032       68.104217      0.31105293          147.09      0.14427209       68.104217       100.17449       13.940742       2.9957323        2.9957323       13.940742                       13.940742
              2       8.5666051       68.676237      0.30492217          147.09      0.14381427       68.676237       101.01588       11.141746       2.9957323        2.9957323       11.141746                       11.141746
              1       8.8317874       68.754832      0.30516966          147.09      0.14426062       68.754832       101.13148        11.67211       2.9957323        2.9957323        11.67211                        11.67211
              2       10.683876       68.166072      0.31637325          147.09      0.14700642       68.166072       100.26548       15.376287       2.9957323        2.9957323       15.376287                       15.376287
              1       9.7959034       68.196042      0.30856232          147.09      0.14350308       68.196042       100.30956       13.600342       2.9957323        2.9957323       13.600342                       13.600342
              5       9.8664884       69.497385      0.28478412          147.09       0.1375475       69.497385        102.2237       13.741512       2.9957323        2.9957323       13.741512                       13.741512
              8       9.8031332       69.500696      0.28487175          147.09      0.13760293       69.500696       102.22857       13.614802       2.9957323        2.9957323       13.614802                       13.614802
              1       8.6187581       68.617871      0.30224315          147.09      0.14230853       68.617871       100.93003       11.246052       2.9957323        2.9957323       11.246052                       11.246052
              6       9.1128464        69.18545      0.29932819          147.09      0.14327722        69.18545       101.76488       12.234228       2.9957323        2.9957323       12.234228                       12.234228
              1        9.773142       68.157849      0.31300659          147.09      0.14540697       68.157849       100.25338       13.554819       2.9957323        2.9957323       13.554819                       13.554819
              3       9.8227124        68.50348      0.30082476          147.09      0.14116884        68.50348       100.76177        13.65396       2.9957323        2.9957323        13.65396                        13.65396
              1       10.562933       68.772811      0.29437945          147.09      0.13923264       68.772811       101.15793       15.134401       2.9957323        2.9957323       15.134401                       15.134401
              4       8.8516876        69.27537      0.28985691          147.09      0.13910456        69.27537       101.89714       11.711911       2.9957323        2.9957323       11.711911                       11.711911
              1       9.2478777       68.306523      0.30810838          147.09      0.14375663       68.306523       100.47206       12.504291       2.9957323        2.9957323       12.504291                       12.504291
             10        9.258064       68.295712      0.30859315          147.09      0.14393724       68.295712       100.45616       12.524663       2.9957323        2.9957323       12.524663                       12.524663
             10       8.8354035        68.46033      0.30569151          147.09      0.14327201        68.46033        100.6983       11.679342       2.9957323        2.9957323       11.679342                       11.679342
              3       8.7272927       69.571724      0.28815078          147.09      0.13947145       69.571724       102.33305       11.463121       2.9957323        2.9957323       11.463121                       11.463121
              3       8.7693564        69.17113      0.29149509          147.09      0.13947006        69.17113       101.74382       11.547248       2.9957323        2.9957323       11.547248                       11.547248
              4       11.042849       69.315847      0.28524516          147.09      0.13705136       69.315847       101.95668       16.094234       2.9957323        2.9957323       16.094234                       16.094234
              4       12.026761       68.272732      0.30180831          147.09      0.14067786       68.272732       100.42236       18.062057       2.9957323        2.9957323       18.062057                       18.062057
              3        11.62844       67.722575      0.31806681          147.09      0.14587648       67.722575       99.613136       17.265416       2.9957323        2.9957323       17.265416                       17.265416
              2       8.7722215       68.755927      0.29845549          147.09      0.14109118       68.755927       101.13309       11.552979       2.9957323        2.9957323       11.552979                       11.552979
              2       10.367708       69.274173      0.28679672          147.09      0.13763119       69.274173       101.89538       14.743952       2.9957323        2.9957323       14.743952                       14.743952
              4       10.456068       69.314435      0.28610582          147.09      0.13745928       69.314435        101.9546       14.920672       2.9957323        2.9957323       14.920672                       14.920672
              2       8.1821497       69.057675      0.29587195          147.09      0.14110022       69.057675       101.57693       10.372835       2.9957323        2.9957323       10.372835                       10.372835
              1       8.4167391       69.410989      0.29149719          147.09      0.14044001       69.410989       102.09662       10.842014       2.9957323        2.9957323       10.842014                       10.842014
              3       9.6238475       69.283985       0.2879411          147.09      0.13821952       69.283985       101.90981        13.25623       2.9957323        2.9957323        13.25623                        13.25623
              1       9.1650165        69.44648      0.28695721          147.09      0.13839411        69.44648       102.14883       12.338569       2.9957323        2.9957323       12.338569                       12.338569
              2       9.0629661       69.654902      0.28569928          147.09      0.13861573       69.654902        102.4554       12.134468       2.9957323        2.9957323       12.134468                       12.134468
              2       14.141136       70.714919      0.27456342          147.09      0.13729818       70.714919       104.01457       22.290808       2.9957323        2.9957323       22.290808                       22.290808
              2       14.256841        70.75558      0.27333038          147.09      0.13683881        70.75558       104.07438       22.522217       2.9957323        2.9957323       22.522217                       22.522217
              4       11.277672       70.141656      0.27650958          147.09      0.13603862       70.141656       103.17136       16.563879       2.9957323        2.9957323       16.563879                       16.563879
              1       8.6258573       69.531688      0.28963751          147.09      0.14002976       69.531688       102.27416        11.26025       2.9957323        2.9957323        11.26025                        11.26025
             13       8.5326029       69.254266      0.29121772          147.09      0.13967249       69.254266        101.8661       11.073741       2.9957323        2.9957323       11.073741                       11.073741
              9       8.1882911       68.896747      0.29893163          147.09      0.14189572       68.896747       101.34022       10.385118       2.9957323        2.9957323       10.385118                       10.385118
              6       8.6873291       68.763692      0.30455413          147.09      0.14400675       68.763692       101.14451       11.383194       2.9957323        2.9957323       11.383194                       11.383194
              1       8.2940537       68.760844      0.30136627          147.09      0.14248759       68.760844       101.14033       10.596643       2.9957323        2.9957323       10.596643                       10.596643
              3       9.9361708       68.644392      0.30933778          147.09      0.14576159       68.644392       100.96904       13.880877       2.9957323        2.9957323       13.880877                       13.880877
              6       10.520953       68.615353      0.31080435          147.09      0.14632876       68.615353       100.92632       15.050442       2.9957323        2.9957323       15.050442                       15.050442
              2       10.789012       67.945587      0.31771099          147.09      0.14667455       67.945587       99.941165        15.58656       2.9957323        2.9957323        15.58656                        15.58656
              1       9.3275479       68.276696      0.31043176          147.09       0.1447142       68.276696       100.42819       12.663631       2.9957323        2.9957323       12.663631                       12.663631
             18        8.568908       68.881023      0.30258132          147.09      0.14356259       68.881023        101.3171       11.146351       2.9957323        2.9957323       11.146351                       11.146351
              4       10.162813       68.069751        0.314961          147.09      0.14593689       68.069751        100.1238       14.334161       2.9957323        2.9957323       14.334161                       14.334161
              2       11.933753       69.049032      0.30619723          147.09      0.14598776       69.049032       101.56422       17.876041       2.9957323        2.9957323       17.876041                       17.876041
              8       11.861088        69.06395      0.30586305          147.09      0.14589145        69.06395       101.58616       17.730712       2.9957323        2.9957323       17.730712                       17.730712
              4        8.935707       69.639754      0.28902014          147.09      0.14016596       69.639754       102.43311       11.879949       2.9957323        2.9957323       11.879949                       11.879949
              2       8.7506824       69.569597      0.28985904          147.09      0.14028971       69.569597       102.32992         11.5099       2.9957323        2.9957323         11.5099                         11.5099
              1       8.7643024       68.898553      0.30300176          147.09      0.14383526       68.898553       101.34288        11.53714       2.9957323        2.9957323        11.53714                        11.53714
              1       9.7075367       68.425252      0.30280695          147.09      0.14177467       68.425252        100.6467       13.423609       2.9957323        2.9957323       13.423609                       13.423609
              5        9.173883       68.349227      0.30979177          147.09      0.14472285       68.349227       100.53488       12.356301       2.9957323        2.9957323       12.356301                       12.356301
              2        8.575753       68.570173      0.30463326          147.09      0.14323456       68.570173       100.85987       11.160041       2.9957323        2.9957323       11.160041                       11.160041
              3       8.5301329       68.956199      0.29559995          147.09      0.14055652       68.956199       101.42767       11.068801       2.9957323        2.9957323       11.068801                       11.068801
              4       8.6219032       68.957204      0.29525692          147.09       0.1403975       68.957204       101.42915       11.252342       2.9957323        2.9957323       11.252342                       11.252342
              3       8.2809441       68.770736      0.30136633          147.09      0.14252862       68.770736       101.15488       10.570424       2.9957323        2.9957323       10.570424                       10.570424
              1        10.13878       68.153754      0.31486219          147.09      0.14625142       68.153754       100.24736       14.286095       2.9957323        2.9957323       14.286095                       14.286095
              1       10.118649       68.060633       0.3145278          147.09      0.14569714       68.060633       100.11039       14.245834       2.9957323        2.9957323       14.245834                       14.245834
              4       8.2233159       68.860956      0.29928213          147.09      0.14191454       68.860956       101.28758       10.455167       2.9957323        2.9957323       10.455167                       10.455167
              9       8.2105927       68.883765      0.30037224          147.09      0.14252582       68.883765       101.32113       10.429721       2.9957323        2.9957323       10.429721                       10.429721
              1       8.2288961       68.891658      0.30053109          147.09      0.14263387       68.891658       101.33274       10.466328       2.9957323        2.9957323       10.466328                       10.466328
              4        8.569764       68.626372      0.30524594          147.09      0.14375799       68.626372       100.94253       11.148063       2.9957323        2.9957323       11.148063                       11.148063
              7       8.2233376       68.833588      0.30064455          147.09      0.14244728       68.833588       101.24732       10.455211       2.9957323        2.9957323       10.455211                       10.455211
              5       10.072648       68.083482      0.31118582          147.09      0.14424585       68.083482       100.14399       14.153832       2.9957323        2.9957323       14.153832                       14.153832
              2        11.60067       69.819193      0.27837457          147.09       0.1356998       69.819193       102.69705       17.209875       2.9957323        2.9957323       17.209875                       17.209875
              2       12.758892       69.701083      0.27821027          147.09      0.13516125       69.701083       102.52332       19.526319       2.9957323        2.9957323       19.526319                       19.526319
              2       12.659194       69.702829      0.27830349          147.09      0.13521332       69.702829       102.52589       19.326924       2.9957323        2.9957323       19.326924                       19.326924
              4       9.6310477       69.650068      0.28372281          147.09      0.13763768       69.650068       102.44828       13.270631       2.9957323        2.9957323       13.270631                       13.270631
              2       8.3138034       69.309262      0.29208804          147.09      0.14031249       69.309262       101.94699       10.636142       2.9957323        2.9957323       10.636142                       10.636142
              7       8.4531651       69.380496      0.29046061          147.09      0.13981766       69.380496       102.05177       10.914866       2.9957323        2.9957323       10.914866                       10.914866
              6       10.140015       69.835059      0.28868469          147.09      0.14078966       69.835059       102.72039       14.288566       2.9957323        2.9957323       14.288566                       14.288566
              1       8.8431063       69.402516      0.29448923          147.09       0.1418469       69.402516       102.08416       11.694748       2.9957323        2.9957323       11.694748                       11.694748
              3       8.6422076         69.5394      0.28956465          147.09      0.14002559         69.5394        102.2855       11.292951       2.9957323        2.9957323       11.292951                       11.292951
              8       8.4652654       69.405017      0.29027598          147.09      0.13982757       69.405017       102.08784       10.939066       2.9957323        2.9957323       10.939066                       10.939066
              3       8.8718143       69.629725      0.28707215          147.09      0.13918115       69.629725       102.41836       11.752164       2.9957323        2.9957323       11.752164                       11.752164
              2       8.7288341       69.514464      0.29139889          147.09      0.14081154       69.514464       102.24882       11.466204       2.9957323        2.9957323       11.466204                       11.466204
              3       8.4604303       69.382305      0.29039492          147.09      0.13979334       69.382305       102.05443       10.929396       2.9957323        2.9957323       10.929396                       10.929396
              1       8.5838229       69.050768      0.29386362          147.09      0.14011443       69.050768       101.56677       11.176181       2.9957323        2.9957323       11.176181                       11.176181
              1       8.6552928       69.073483       0.2932758          147.09      0.13992617       69.073483       101.60019       11.319121       2.9957323        2.9957323       11.319121                       11.319121
              6       8.3800698       69.079935      0.29422798          147.09      0.14040669       69.079935       101.60968       10.768675       2.9957323        2.9957323       10.768675                       10.768675
              2        9.568048       68.658698      0.30837191          147.09      0.14536704       68.658698       100.99008       13.144631       2.9957323        2.9957323       13.144631                       13.144631
              4       8.5868315       68.956351      0.30156368          147.09      0.14339288       68.956351        101.4279       11.182199       2.9957323        2.9957323       11.182199                       11.182199
              4        9.666171       68.716292      0.29695199          147.09      0.14021862       68.716292       101.07479       13.340877       2.9957323        2.9957323       13.340877                       13.340877
              4       11.408149       70.178588      0.28332652          147.09      0.13953928       70.178588       103.22569       16.824834       2.9957323        2.9957323       16.824834                       16.824834
              6       9.6102716       69.878575      0.28303656          147.09      0.13820718       69.878575        102.7844       13.229079       2.9957323        2.9957323       13.229079                       13.229079
              3       8.6595325       68.534179      0.30587431          147.09      0.14366713       68.534179       100.80692         11.3276       2.9957323        2.9957323         11.3276                         11.3276
              1       9.8770074       68.452587      0.30178794          147.09      0.14141048       68.452587       100.68691        13.76255       2.9957323        2.9957323        13.76255                        13.76255
              1       9.3393404         69.5096      0.28582426          147.09       0.1380984         69.5096       102.24167       12.687216       2.9957323        2.9957323       12.687216                       12.687216
              1       9.5404118       69.325693      0.29779012          147.09      0.14311947       69.325693       101.97116       13.089359       2.9957323        2.9957323       13.089359                       13.089359
              1       9.1191713       69.346574      0.29641926          147.09      0.14254646       69.346574       102.00188       12.246878       2.9957323        2.9957323       12.246878                       12.246878
              1       10.832899       69.997488       0.2865286          147.09      0.14038894       69.997488       102.95931       15.674334       2.9957323        2.9957323       15.674334                       15.674334
              2       12.131743       70.121128      0.28629251          147.09      0.14076924       70.121128       103.14117       18.272021       2.9957323        2.9957323       18.272021                       18.272021
              7       8.9837364       69.594417      0.29064753          147.09      0.14077173       69.594417       102.36643       11.976008       2.9957323        2.9957323       11.976008                       11.976008
              4       9.0195777       69.554333      0.29179025          147.09      0.14116244       69.554333       102.30747       12.047691       2.9957323        2.9957323       12.047691                       12.047691
              2       9.1514512       69.661161      0.28966852          147.09      0.14056679       69.661161        102.4646       12.311438       2.9957323        2.9957323       12.311438                       12.311438
              3       9.2477114       69.118049      0.29106682          147.09      0.13905149       69.118049       101.66574       12.503958       2.9957323        2.9957323       12.503958                       12.503958
              2       8.8106118       68.522359      0.30371733          147.09      0.14260482       68.522359       100.78954       11.629759       2.9957323        2.9957323       11.629759                       11.629759
              2       8.1499194       68.980539      0.29772002          147.09      0.14166456       68.980539       101.46347       10.308374       2.9957323        2.9957323       10.308374                       10.308374
              2       8.1619876       68.936026      0.29850669          147.09      0.14185562       68.936026         101.398       10.332511       2.9957323        2.9957323       10.332511                       10.332511
              2        8.320792         69.1198      0.29395318          147.09       0.1404375         69.1198       101.66831        10.65012       2.9957323        2.9957323        10.65012                        10.65012
              1       9.1635455       69.719911      0.28513939          147.09      0.13860244       69.719911       102.55102       12.335626       2.9957323        2.9957323       12.335626                       12.335626
              1       9.7846145       69.538772      0.29424551          147.09      0.14228656       69.538772       102.28458       13.577764       2.9957323        2.9957323       13.577764                       13.577764
              7       8.9587208        68.40856      0.30819595          147.09      0.14422742        68.40856       100.62215       11.925977       2.9957323        2.9957323       11.925977                       11.925977
              3       9.2489704       68.327713      0.30718778          147.09      0.14341603       68.327713       100.50323       12.506476       2.9957323        2.9957323       12.506476                       12.506476
              4       9.2091726       68.381813      0.31003167          147.09      0.14497305       68.381813       100.58281       12.426881       2.9957323        2.9957323       12.426881                       12.426881
              4        10.40011        68.23313      0.31508657          147.09      0.14669675        68.23313       100.36411       14.808755       2.9957323        2.9957323       14.808755                       14.808755
              1       12.480357       67.856651      0.31064195          147.09      0.14303587       67.856651       99.810348       18.969249       2.9957323        2.9957323       18.969249                       18.969249
              2       11.961748       67.998163      0.30805449          147.09       0.1424367       67.998163        100.0185       17.932032       2.9957323        2.9957323       17.932032                       17.932032
              3       8.1604286        68.95918      0.29889396          147.09      0.14213509        68.95918       101.43206       10.329393       2.9957323        2.9957323       10.329393                       10.329393
              2       8.5084438       68.658706       0.3046344          147.09       0.1436052       68.658706       100.99009       11.025423       2.9957323        2.9957323       11.025423                       11.025423
              1       8.6479026       69.388909      0.28928816          147.09      0.13928706       69.388909       102.06415       11.304341       2.9957323        2.9957323       11.304341                       11.304341
              2       8.6951257       69.561619      0.28850376          147.09      0.13960174       69.561619       102.31819       11.398787       2.9957323        2.9957323       11.398787                       11.398787
              4       9.2326248       69.237497      0.28938883          147.09      0.13872811       69.237497       101.84143       12.473785       2.9957323        2.9957323       12.473785                       12.473785
              5       8.1715415       69.096478      0.29700061          147.09      0.14179769       69.096478       101.63401       10.351618       2.9957323        2.9957323       10.351618                       10.351618
              9       8.1951394       68.995032      0.29892931          147.09      0.14229975       68.995032       101.48479       10.398814       2.9957323        2.9957323       10.398814                       10.398814
              1       8.2777276       69.060314      0.29854656          147.09      0.14238662       69.060314       101.58082       10.563991       2.9957323        2.9957323       10.563991                       10.563991
              2       8.8743706       69.416473      0.29430728          147.09      0.14181628       69.416473       102.10469       11.757277       2.9957323        2.9957323       11.757277                       11.757277
              2       9.3672555       69.733805      0.28866499          147.09      0.14037211       69.733805       102.57145       12.743047       2.9957323        2.9957323       12.743047                       12.743047
              4       8.7418657       69.512197      0.29153786          147.09      0.14086951       69.512197       102.24549       11.492267       2.9957323        2.9957323       11.492267                       11.492267
              1       8.3744396       68.694063      0.30272586          147.09      0.14285253       68.694063        101.0421       10.757415       2.9957323        2.9957323       10.757415                       10.757415
              2       8.3625311       68.749928      0.30064407          147.09        0.142101       68.749928       101.12427       10.733598       2.9957323        2.9957323       10.733598                       10.733598
              2       8.1995107       69.177485      0.29566039          147.09        0.141489       69.177485       101.75316       10.407557       2.9957323        2.9957323       10.407557                       10.407557
              1       8.2511521       69.273355      0.29317262          147.09      0.14068761       69.273355       101.89418        10.51084       2.9957323        2.9957323        10.51084                        10.51084
              2        8.486692       69.393352      0.29300715          147.09      0.14109575       69.393352       102.07068        10.98192       2.9957323        2.9957323        10.98192                        10.98192
              2       8.3699054        69.36166      0.29135816          147.09      0.14017357        69.36166       102.02407       10.748346       2.9957323        2.9957323       10.748346                       10.748346
              5       9.5707604       69.140936       0.2900686          147.09      0.13866639       69.140936        101.6994       13.150056       2.9957323        2.9957323       13.150056                       13.150056
              2       10.304185       69.275184       0.2868817          147.09      0.13767599       69.275184       101.89687       14.616905       2.9957323        2.9957323       14.616905                       14.616905
              1       10.249634       69.339962      0.29886251          147.09        0.143694       69.339962       101.99215       14.507803       2.9957323        2.9957323       14.507803                       14.507803
              2       11.143988       70.264191        0.278511          147.09      0.13750245       70.264191        103.3516       16.296512       2.9957323        2.9957323       16.296512                       16.296512
              4       9.8900762       69.891067      0.28642342          147.09        0.139911       69.891067       102.80277       13.788688       2.9957323        2.9957323       13.788688                       13.788688
              3       10.358223       69.991306      0.28531379          147.09      0.13976903       69.991306       102.95021       14.724982       2.9957323        2.9957323       14.724982                       14.724982
              1       10.445766       70.016814      0.28489015          147.09      0.13966324       70.016814       102.98773       14.900067       2.9957323        2.9957323       14.900067                       14.900067
              4        10.08775        69.97073      0.28482993          147.09      0.13944997        69.97073       102.91995       14.184035       2.9957323        2.9957323       14.184035                       14.184035
              2       9.3019694       69.775775      0.28695785          147.09      0.13970999       69.775775       102.63319       12.612474       2.9957323        2.9957323       12.612474                       12.612474
              1       9.2179351       69.464598      0.29436649          147.09      0.14204156       69.464598       102.17548       12.444406       2.9957323        2.9957323       12.444406                       12.444406
              3       8.4694839       69.232085      0.29644286          147.09      0.14208748       69.232085       101.83347       10.947503       2.9957323        2.9957323       10.947503                       10.947503
              1       8.2475758        69.27323       0.2934495          147.09      0.14081997        69.27323       101.89399       10.503687       2.9957323        2.9957323       10.503687                       10.503687
              2       8.4115461       69.408725      0.29137153          147.09      0.14037031       69.408725       102.09329       10.831628       2.9957323        2.9957323       10.831628                       10.831628
              5       8.1466993       68.975726      0.29832674          147.09      0.14193345       68.975726        101.4564       10.301934       2.9957323        2.9957323       10.301934                       10.301934
              2       8.1498547        68.97713      0.29845662          147.09      0.14200102        68.97713       101.45846       10.308245       2.9957323        2.9957323       10.308245                       10.308245
              2       8.9052563       69.538741      0.28697397          147.09      0.13877018       69.538741       102.28453       11.819048       2.9957323        2.9957323       11.819048                       11.819048
              3       9.4326843       69.333475      0.29741526          147.09      0.14297141       69.333475       101.98261       12.873904       2.9957323        2.9957323       12.873904                       12.873904
              1       8.7631306       68.654602      0.30607311          147.09      0.14426617       68.654602       100.98405       11.534797       2.9957323        2.9957323       11.534797                       11.534797
              1       8.8073319       68.474796      0.30718388          147.09      0.14403231       68.474796       100.71958       11.623199       2.9957323        2.9957323       11.623199                       11.623199
              1        8.300504       68.966034      0.29648735          147.09      0.14101869       68.966034       101.44214       10.609543       2.9957323        2.9957323       10.609543                       10.609543
             12       8.2991204       68.949615      0.29678877          147.09      0.14109485       68.949615       101.41799       10.606776       2.9957323        2.9957323       10.606776                       10.606776
              2       8.7736466       69.510447      0.28777086          147.09      0.13904231       69.510447       102.24292       11.555829       2.9957323        2.9957323       11.555829                       11.555829
              2       8.7143198       69.416073      0.28875315          147.09      0.13913834       69.416073        102.1041       11.437175       2.9957323        2.9957323       11.437175                       11.437175
              1       9.1244415       69.722541      0.28548663          147.09       0.1387817       69.722541       102.55489       12.257419       2.9957323        2.9957323       12.257419                       12.257419
              2       9.6445709       69.080592      0.30223964          147.09      0.14423263       69.080592       101.61064       13.297677       2.9957323        2.9957323       13.297677                       13.297677
              3       8.7166148       68.750674      0.30482148          147.09       0.1440786       68.750674       101.12537       11.441765       2.9957323        2.9957323       11.441765                       11.441765
              4       8.3541001       69.017668      0.29965638          147.09      0.14273947       69.017668       101.51809       10.716736       2.9957323        2.9957323       10.716736                       10.716736
              2       8.4121323       68.894933      0.30171901          147.09      0.14321128       68.894933       101.33756         10.8328       2.9957323        2.9957323         10.8328                         10.8328
              2       8.7155272        69.55077      0.29019108          147.09      0.14037441        69.55077       102.30223        11.43959       2.9957323        2.9957323        11.43959                        11.43959
              2       8.2522888       69.059599       0.2952491          147.09      0.14081103       69.059599       101.57976       10.513113       2.9957323        2.9957323       10.513113                       10.513113
              1        9.119024       69.397343      0.29543881          147.09      0.14228307       69.397343       102.07655       12.246583       2.9957323        2.9957323       12.246583                       12.246583
              2       9.6406341       68.921842      0.30475642          147.09      0.14476602       68.921842       101.37714       13.289804       2.9957323        2.9957323       13.289804                       13.289804
              3       8.4859612       69.015526      0.30027803          147.09      0.14302672       69.015526       101.51494       10.980458       2.9957323        2.9957323       10.980458                       10.980458
              1       10.412399       67.984286      0.31334827          147.09      0.14482528       67.984286       99.998086       14.833334       2.9957323        2.9957323       14.833334                       14.833334
              1       10.385327       67.994457      0.31302776          147.09      0.14472044       67.994457       100.01305        14.77919       2.9957323        2.9957323        14.77919                        14.77919
              1       10.776006       68.070255      0.30882575          147.09      0.14309625       68.070255       100.12454       15.560548       2.9957323        2.9957323       15.560548                       15.560548
              4       9.0276487       68.591412      0.30105941          147.09      0.14164188       68.591412       100.89111       12.063833       2.9957323        2.9957323       12.063833                       12.063833
              2       9.2637489       68.388031      0.31027323          147.09       0.1451124       68.388031       100.59196       12.536033       2.9957323        2.9957323       12.536033                       12.536033
              1       8.5946824       69.189279      0.29181016          147.09      0.13969408       69.189279       101.77051         11.1979       2.9957323        2.9957323         11.1979                         11.1979
              2       8.8969165       69.516356      0.29218928          147.09      0.14120116       69.516356       102.25161       11.802368       2.9957323        2.9957323       11.802368                       11.802368
              4       9.2699322       69.418276      0.29542537          147.09      0.14236244       69.418276       102.10734         12.5484       2.9957323        2.9957323         12.5484                         12.5484
              1       9.7606524       68.154641      0.31040375          147.09      0.14418425       68.154641       100.24866        13.52984       2.9957323        2.9957323        13.52984                        13.52984
              3       10.159302       68.533886      0.29951361          147.09      0.14067835       68.533886       100.80649        14.32714       2.9957323        2.9957323        14.32714                        14.32714
              1        9.759186       69.098629      0.29035364          147.09      0.13863284       69.098629       101.63717       13.526907       2.9957323        2.9957323       13.526907                       13.526907
              6       8.1948571        69.09718      0.29517692          147.09      0.14092986        69.09718       101.63504        10.39825       2.9957323        2.9957323        10.39825                        10.39825
              5       8.3474358       69.265608      0.29507705          147.09      0.14156984       69.265608       101.88278       10.703407       2.9957323        2.9957323       10.703407                       10.703407
              5       9.0933033       69.617993      0.28569223          147.09      0.13846545       69.617993       102.40111       12.195142       2.9957323        2.9957323       12.195142                       12.195142
              6       8.1450231       69.010316      0.29796168          147.09      0.14190198       69.010316       101.50727       10.298582       2.9957323        2.9957323       10.298582                       10.298582
              6       8.1621336       68.995191      0.29716626          147.09      0.14146114       68.995191       101.48503       10.332803       2.9957323        2.9957323       10.332803                       10.332803
              1       8.2338543       69.157794      0.29647151          147.09      0.14179641       69.157794        101.7242       10.476244       2.9957323        2.9957323       10.476244                       10.476244
              1       8.1607111       69.041202      0.29781945          147.09      0.14196122       69.041202        101.5527       10.329958       2.9957323        2.9957323       10.329958                       10.329958
             10       8.4419381       69.270101      0.29145374          147.09      0.13984962       69.270101       101.88939       10.892412       2.9957323        2.9957323       10.892412                       10.892412
              7       8.1442294       69.091343       0.2961497          147.09      0.14137043       69.091343       101.62646       10.296994       2.9957323        2.9957323       10.296994                       10.296994
              2       11.838065       69.677613      0.27960112          147.09       0.1357455       69.677613        102.4888       17.684665       2.9957323        2.9957323       17.684665                       17.684665
              1       11.778722       69.703254      0.27938404          147.09      0.13573995       69.703254       102.52652       17.565978       2.9957323        2.9957323       17.565978                       17.565978
              2       8.3248215       68.733234      0.30188841          147.09      0.14261986       68.733234       101.09971       10.658178       2.9957323        2.9957323       10.658178                       10.658178
              2        8.274937       68.777085        0.301196          147.09      0.14247437       68.777085       101.16421        10.55841       2.9957323        2.9957323        10.55841                        10.55841
              4        8.516977       68.611578        0.303447          147.09      0.14284915       68.611578       100.92077        11.04249       2.9957323        2.9957323        11.04249                        11.04249
              3       9.6135392       68.619637      0.29891705          147.09      0.14074971       68.619637       100.93262       13.235614       2.9957323        2.9957323       13.235614                       13.235614
              1       9.6857442       68.634858      0.29846267          147.09      0.14059812       68.634858       100.95501       13.380024       2.9957323        2.9957323       13.380024                       13.380024
              2       8.9821551       69.635586      0.28619191          147.09      0.13877774       69.635586       102.42698       11.972846       2.9957323        2.9957323       11.972846                       11.972846
              5       8.3915748         69.3861      0.29116972          147.09      0.14018165         69.3861       102.06001       10.791685       2.9957323        2.9957323       10.791685                       10.791685
              1       10.038407       69.641925      0.29269676          147.09      0.14195786       69.641925       102.43631       14.085349       2.9957323        2.9957323       14.085349                       14.085349
              2       9.9386399       69.450827       0.2962651          147.09      0.14290102       69.450827       102.15522       13.885815       2.9957323        2.9957323       13.885815                       13.885815
              1       9.4853202       68.230109      0.31136176          147.09      0.14494973       68.230109       100.35967       12.979176       2.9957323        2.9957323       12.979176                       12.979176
              1       8.5549465        68.65414      0.30169018          147.09      0.14219838        68.65414       100.98337       11.118428       2.9957323        2.9957323       11.118428                       11.118428
              2        8.975437       69.335531      0.29623661          147.09      0.14241326       69.335531       101.98563       11.959409       2.9957323        2.9957323       11.959409                       11.959409
              1       9.3155222       68.488475      0.30969442          147.09      0.14526747       68.488475        100.7397        12.63958       2.9957323        2.9957323        12.63958                        12.63958
              2       9.8660136        68.49899      0.31103601          147.09      0.14594157        68.49899       100.75516       13.740563       2.9957323        2.9957323       13.740563                       13.740563
              2       9.6687016       68.197646       0.3092329          147.09      0.14382171       68.197646       100.31192       13.345939       2.9957323        2.9957323       13.345939                       13.345939
              1       9.2219862       68.624348      0.29977297          147.09      0.14117212       68.624348       100.93955       12.452508       2.9957323        2.9957323       12.452508                       12.452508
              4       8.7622696       68.729379      0.29902543          147.09      0.14125147       68.729379       101.09404       11.533075       2.9957323        2.9957323       11.533075                       11.533075
              5       8.2342413       69.258256      0.29375649          147.09      0.14090635       69.258256       101.87197       10.477018       2.9957323        2.9957323       10.477018                       10.477018
              1       9.6363031       69.029019      0.30306237          147.09      0.14440938       69.029019       101.53478       13.281142       2.9957323        2.9957323       13.281142                       13.281142
              1       10.436762       68.094319      0.31616194          147.09      0.14659912       68.094319       100.15993        14.88206       2.9957323        2.9957323        14.88206                        14.88206
              2       10.193694        68.30459      0.31390873          147.09      0.14645465        68.30459       100.46922       14.395924       2.9957323        2.9957323       14.395924                       14.395924
              1       12.302416       67.708884      0.31533101          147.09      0.14456328       67.708884       99.592997       18.613367       2.9957323        2.9957323       18.613367                       18.613367
              9        10.60856       68.418382      0.30103943          147.09      0.14091881       68.418382        100.6366       15.225656       2.9957323        2.9957323       15.225656                       15.225656
              1       9.2797621       68.301625      0.30800057          147.09      0.14368571       68.301625       100.46486        12.56806       2.9957323        2.9957323        12.56806                        12.56806
              2        9.852722       68.136328      0.31047818          147.09      0.14414133       68.136328       100.22172       13.713979       2.9957323        2.9957323       13.713979                       13.713979
              1       10.580346       68.070404      0.30939601          147.09      0.14336111       68.070404       100.12476       15.169227       2.9957323        2.9957323       15.169227                       15.169227
              4       9.5946891       69.436402      0.29583544          147.09      0.14263451       69.436402         102.134       13.197914       2.9957323        2.9957323       13.197914                       13.197914
              3       8.4082601       69.350708      0.29097116          147.09      0.13994318       69.350708       102.00796       10.825056       2.9957323        2.9957323       10.825056                       10.825056
              1       8.3847021       69.082392       0.2987566          147.09      0.14257791       69.082392       101.61329        10.77794       2.9957323        2.9957323        10.77794                        10.77794
              4       9.9657378       68.093659      0.31160929          147.09      0.14448533       68.093659       100.15896       13.940011       2.9957323        2.9957323       13.940011                       13.940011
              6       9.9789808       68.159516      0.31420091          147.09      0.14596893       68.159516       100.25583       13.966497       2.9957323        2.9957323       13.966497                       13.966497
              1       9.4108168       68.259436      0.31106369          147.09      0.14493548       68.259436        100.4028       12.830169       2.9957323        2.9957323       12.830169                       12.830169
              3       8.7777791       68.935309      0.30250226          147.09       0.1437514       68.935309       101.39695       11.564094       2.9957323        2.9957323       11.564094                       11.564094
              6       9.4782152       69.283047      0.29843062          147.09      0.14325089       69.283047       101.90843       12.964966       2.9957323        2.9957323       12.964966                       12.964966
              1        9.273895       69.237016      0.29880236          147.09      0.14323881       69.237016       101.84073       12.556325       2.9957323        2.9957323       12.556325                       12.556325
              1       9.3217515       69.802706      0.28586678          147.09      0.13928624       69.802706        102.6728       12.652038       2.9957323        2.9957323       12.652038                       12.652038
              3       9.6140629       69.306307      0.29829405          147.09       0.1432815       69.306307       101.94265       13.236661       2.9957323        2.9957323       13.236661                       13.236661
             10       9.0413795       69.252357      0.29796301          147.09      0.14289975       69.252357       101.86329       12.091294       2.9957323        2.9957323       12.091294                       12.091294
              6       8.4972907        69.27493      0.29572474          147.09      0.14191877        69.27493       101.89649       11.003117       2.9957323        2.9957323       11.003117                       11.003117
              1       8.5753601       69.190754      0.29765129          147.09       0.1424964       69.190754       101.77268       11.159256       2.9957323        2.9957323       11.159256                       11.159256
              2       8.1565804       68.977349      0.29762147          147.09      0.14160457       68.977349       101.45878       10.321696       2.9957323        2.9957323       10.321696                       10.321696
              2       9.0900792       69.013979        0.302125          147.09          0.1439       69.013979       101.51266       12.188694       2.9957323        2.9957323       12.188694                       12.188694
              4       10.968893       68.960132      0.30635393          147.09       0.1456866       68.960132       101.43346       15.946322       2.9957323        2.9957323       15.946322                       15.946322
              1       11.668602       67.962938      0.32031883          147.09      0.14795402       67.962938       99.966685        17.34574       2.9957323        2.9957323        17.34574                        17.34574
              1       10.006925       68.399032      0.30266578          147.09      0.14159999       68.399032       100.60814       14.022385       2.9957323        2.9957323       14.022385                       14.022385
              1       8.9033031       69.202813      0.29067556          147.09      0.13920538       69.202813       101.79042       11.815142       2.9957323        2.9957323       11.815142                       11.815142
              5       8.1615203       69.120861       0.2953686          147.09      0.14111806       69.120861       101.66987       10.331576       2.9957323        2.9957323       10.331576                       10.331576
              9       8.9211647       68.876673      0.30377753          147.09      0.14411194       68.876673        101.3107       11.850865       2.9957323        2.9957323       11.850865                       11.850865
              5       8.9717971       68.426236      0.30849215          147.09      0.14444064       68.426236       100.64815        11.95213       2.9957323        2.9957323        11.95213                        11.95213
              1       11.034878        68.34542      0.31518512          147.09      0.14722601        68.34542       100.52928       16.078292       2.9957323        2.9957323       16.078292                       16.078292
              1       11.667772       68.080715      0.31926777          147.09      0.14798009       68.080715       100.13992        17.34408       2.9957323        2.9957323        17.34408                        17.34408
              4       11.623478       68.137882      0.31859608          147.09      0.14791686       68.137882       100.22401       17.255491       2.9957323        2.9957323       17.255491                       17.255491
              1       10.138324       68.267527      0.31410532          147.09      0.14638738       68.267527        100.4147       14.285184       2.9957323        2.9957323       14.285184                       14.285184
              3       9.8974707       68.452799      0.31164197          147.09      0.14602875       68.452799       100.68722       13.803477       2.9957323        2.9957323       13.803477                       13.803477
              3       8.9540879       68.400502       0.3078144          147.09      0.14401493       68.400502        100.6103       11.916711       2.9957323        2.9957323       11.916711                       11.916711
              3       8.3716772       68.941844      0.29653011          147.09       0.1409401       68.941844       101.40656        10.75189       2.9957323        2.9957323        10.75189                        10.75189
              2        11.26087       68.400464      0.30032546          147.09      0.14051097       68.400464       100.61024       16.530276       2.9957323        2.9957323       16.530276                       16.530276
              1       9.4624893       69.745869      0.28873895          147.09      0.14045667       69.745869        102.5892       12.933514       2.9957323        2.9957323       12.933514                       12.933514
              1       12.072389       68.862638      0.30934745          147.09      0.14669451       68.862638       101.29005       18.153313       2.9957323        2.9957323       18.153313                       18.153313
              2       8.3465957       69.350637      0.29168543          147.09      0.14028643       69.350637       102.00785       10.701727       2.9957323        2.9957323       10.701727                       10.701727
              3       8.3095481       69.114821      0.29408645          147.09      0.14048093       69.114821       101.66099       10.627632       2.9957323        2.9957323       10.627632                       10.627632
              1       8.4849923       69.034916      0.29447503          147.09      0.14034149       69.034916       101.54346        10.97852       2.9957323        2.9957323        10.97852                        10.97852
              3       8.2152934       68.841854      0.30041635          147.09      0.14237334       68.841854       101.25948       10.439122       2.9957323        2.9957323       10.439122                       10.439122
              1       8.7585919       69.563374      0.29015262          147.09      0.14040668       69.563374       102.32077       11.525719       2.9957323        2.9957323       11.525719                       11.525719
              9       8.9363324       69.497254      0.28716716          147.09      0.13869796       69.497254       102.22351         11.8812       2.9957323        2.9957323         11.8812                         11.8812
              1       8.8185793       69.457319      0.28796131          147.09      0.13892173       69.457319       102.16477       11.645694       2.9957323        2.9957323       11.645694                       11.645694
              2       8.4347981       68.783991      0.29930992          147.09      0.14161063       68.783991       101.17437       10.878132       2.9957323        2.9957323       10.878132                       10.878132
              1       8.1998359       68.906742      0.29847713          147.09      0.14172109       68.906742       101.35493       10.408207       2.9957323        2.9957323       10.408207                       10.408207
              1       10.623387       68.064612       0.3169102          147.09      0.14681788       68.064612       100.11624        15.25531       2.9957323        2.9957323        15.25531                        15.25531
              3       11.844623       67.731412      0.32156507          147.09       0.1475194       67.731412       99.626134       17.697782       2.9957323        2.9957323       17.697782                       17.697782
              7       8.7293456       69.206521      0.29789661          147.09      0.14267885       69.206521       101.79587       11.467227       2.9957323        2.9957323       11.467227                       11.467227
              2       8.8156369       69.401248       0.2944183          147.09      0.14180756       69.401248        102.0823       11.639809       2.9957323        2.9957323       11.639809                       11.639809
              1       9.1040479       69.404617      0.29525426          147.09        0.142224       69.404617       102.08725       12.216631       2.9957323        2.9957323       12.216631                       12.216631
              1       10.450089       68.143414      0.31593061          147.09      0.14670316       68.143414       100.23215       14.908712       2.9957323        2.9957323       14.908712                       14.908712
              1       12.684698       67.674423      0.31536255          147.09      0.14443061       67.674423       99.542309       19.377931       2.9957323        2.9957323       19.377931                       19.377931
              3       10.573645       68.486319       0.2997167          147.09       0.1405784       68.486319       100.73653       15.155825       2.9957323        2.9957323       15.155825                       15.155825
              1       10.030391       69.480779      0.28467012          147.09      0.13742674       69.480779       102.19928       14.069317       2.9957323        2.9957323       14.069317                       14.069317
              6       8.3629843       69.360111      0.29271837          147.09      0.14082168       69.360111       102.02179       10.734504       2.9957323        2.9957323       10.734504                       10.734504
              4       8.3827245       69.373211      0.29255547          147.09      0.14079648       69.373211       102.04106       10.773985       2.9957323        2.9957323       10.773985                       10.773985
              4       9.0495505       68.472216      0.30882594          147.09      0.14479132       68.472216       100.71578       12.107637       2.9957323        2.9957323       12.107637                       12.107637
              4        9.013797       68.440735      0.30492535          147.09      0.14283113       68.440735       100.66948       12.036129       2.9957323        2.9957323       12.036129                       12.036129
              2       8.2167328       69.215525      0.29375537          147.09      0.14073199       69.215525       101.80912       10.442001       2.9957323        2.9957323       10.442001                       10.442001
              9       9.1722468       69.663783      0.28513281          147.09      0.13837617       69.663783       102.46846       12.353029       2.9957323        2.9957323       12.353029                       12.353029
              7       9.9351054       69.575614      0.28376998          147.09      0.13736641       69.575614       102.33877       13.878746       2.9957323        2.9957323       13.878746                       13.878746
              8       9.6485978        69.64341      0.28373701          147.09      0.13761825        69.64341       102.43849       13.305731       2.9957323        2.9957323       13.305731                       13.305731
              1       10.712525       69.742619      0.28057304          147.09      0.13647165       69.742619       102.58442       15.433586       2.9957323        2.9957323       15.433586                       15.433586
              1       8.9780906        69.52912      0.28674918          147.09      0.13862312        69.52912       102.27038       11.964717       2.9957323        2.9957323       11.964717                       11.964717
              1       8.8838675       69.249016      0.29010596          147.09      0.13911817       69.249016       101.85838        11.77627       2.9957323        2.9957323        11.77627                        11.77627
              1       9.5581097        69.53748      0.28499525          147.09      0.13780834        69.53748       102.28268       13.124755       2.9957323        2.9957323       13.124755                       13.124755
             10       9.0742562       69.698376      0.28804199          147.09      0.13992687       69.698376       102.51934       12.157048       2.9957323        2.9957323       12.157048                       12.157048
              1       9.1970463       69.725369      0.28801036          147.09       0.1400199       69.725369       102.55905       12.402628       2.9957323        2.9957323       12.402628                       12.402628
              5       9.2022587       69.759225      0.28522457          147.09      0.13880024       69.759225       102.60884       12.413053       2.9957323        2.9957323       12.413053                       12.413053
              5       9.6644635       69.874204      0.28583751          147.09      0.13955743       69.874204       102.77797       13.337463       2.9957323        2.9957323       13.337463                       13.337463
              8       9.6158815       69.857567      0.28612979          147.09      0.13963362       69.857567        102.7535       13.240298       2.9957323        2.9957323       13.240298                       13.240298
              2       8.5078151       69.387535      0.29330024          147.09      0.14121321       69.387535       102.06212       11.024166       2.9957323        2.9957323       11.024166                       11.024166
              2       8.1475446       69.037251      0.29670293          147.09      0.14141283       69.037251       101.54689       10.303625       2.9957323        2.9957323       10.303625                       10.303625
              4       9.2831604       68.300346      0.31034018          147.09      0.14477175       68.300346       100.46298       12.574856       2.9957323        2.9957323       12.574856                       12.574856
              7       8.5270221        68.60562      0.30354781          147.09      0.14287179        68.60562       100.91201        11.06258       2.9957323        2.9957323        11.06258                        11.06258
              1       8.1405151       69.063126      0.29655826          147.09      0.14144985       69.063126       101.58495       10.289566       2.9957323        2.9957323       10.289566                       10.289566
              2         10.0228       68.098571      0.31088124          147.09      0.14416854       68.098571       100.16619       14.054135       2.9957323        2.9957323       14.054135                       14.054135
              4       9.8446744       68.113953      0.31247708          147.09      0.14497407       68.113953       100.18881       13.697884       2.9957323        2.9957323       13.697884                       13.697884
              4       8.6678634       68.605946      0.30601443          147.09      0.14403413       68.605946       100.91249       11.344262       2.9957323        2.9957323       11.344262                       11.344262
             16       8.2678775       69.247163      0.29481771          147.09      0.14137009       69.247163       101.85565       10.544291       2.9957323        2.9957323       10.544291                       10.544291
              1       8.2632972       69.241586      0.29490558          147.09      0.14138945       69.241586       101.84745        10.53513       2.9957323        2.9957323        10.53513                        10.53513
              6       8.2267232        69.24973      0.29376779          147.09      0.14087708        69.24973       101.85943       10.461982       2.9957323        2.9957323       10.461982                       10.461982
              8       9.1554259       69.707317      0.28833461          147.09      0.14010496       69.707317       102.53249       12.319387       2.9957323        2.9957323       12.319387                       12.319387
              2       8.3654601       69.376132      0.29188953          147.09      0.14048782       69.376132       102.04535       10.739456       2.9957323        2.9957323       10.739456                       10.739456
              2       9.2661671       68.605629      0.30004194          147.09      0.14122171       68.605629       100.91202        12.54087       2.9957323        2.9957323        12.54087                        12.54087
              5       9.2831398       68.604845      0.30001278          147.09      0.14120476       68.604845       100.91087       12.574815       2.9957323        2.9957323       12.574815                       12.574815
              2       9.8130091       68.570212      0.29947519          147.09      0.14080946       68.570212       100.85992       13.634554       2.9957323        2.9957323       13.634554                       13.634554
              6       8.4830863       68.860043      0.30250956          147.09      0.14344112       68.860043       101.28624       10.974708       2.9957323        2.9957323       10.974708                       10.974708
              1       9.3904041       68.446212      0.31032968          147.09      0.14538585       68.446212       100.67753       12.789344       2.9957323        2.9957323       12.789344                       12.789344
              4       9.2081722       68.324996      0.30989132          147.09      0.14466672       68.324996       100.49924        12.42488       2.9957323        2.9957323        12.42488                        12.42488
              1       9.0431252        68.37386      0.30869514          147.09      0.14431451        68.37386       100.57111       12.094786       2.9957323        2.9957323       12.094786                       12.094786
              6       8.9613155       68.560384      0.30777205          147.09      0.14466906       68.560384       100.84547       11.931166       2.9957323        2.9957323       11.931166                       11.931166
              4       9.1188432       68.880025      0.29519477          147.09      0.14005391       68.880025       101.31563       12.246222       2.9957323        2.9957323       12.246222                       12.246222
              1       11.965368       69.203384      0.28569722          147.09       0.1368235       69.203384       101.79126       17.939271       2.9957323        2.9957323       17.939271                       17.939271
              3       11.705242       69.355335      0.28385472          147.09      0.13653874       69.355335       102.01476        17.41902       2.9957323        2.9957323        17.41902                        17.41902
              1       11.828513        70.22088      0.27489107          147.09      0.13554801        70.22088       103.28789       17.665561       2.9957323        2.9957323       17.665561                       17.665561
              4       9.4284922       69.841381      0.28452082          147.09      0.13878409       69.841381       102.72969        12.86552       2.9957323        2.9957323        12.86552                        12.86552
              2       8.7303143       68.782714       0.3044729          147.09      0.14404801       68.782714       101.17249       11.469164       2.9957323        2.9957323       11.469164                       11.469164
              1       8.7294645       68.720372      0.30522746          147.09      0.14414335       68.720372        101.0808       11.467464       2.9957323        2.9957323       11.467464                       11.467464
              3       8.4115199       69.168221      0.29283412          147.09      0.14009895       69.168221       101.73954       10.831575       2.9957323        2.9957323       10.831575                       10.831575
              6       8.2380774       69.065268      0.29526407          147.09      0.14084129       69.065268        101.5881        10.48469       2.9957323        2.9957323        10.48469                        10.48469
              2        8.914374       68.708108      0.30601669          147.09      0.14446449       68.708108       101.06276       11.837283       2.9957323        2.9957323       11.837283                       11.837283
              5       8.4615766       68.947546       0.3012071          147.09      0.14318675       68.947546       101.41495       10.931689       2.9957323        2.9957323       10.931689                       10.931689
              2       8.3796221       69.002072      0.30002334          147.09      0.14284969       69.002072       101.49515        10.76778       2.9957323        2.9957323        10.76778                        10.76778
              2        9.769425       69.941663      0.28327427          147.09      0.13857313       69.941663       102.87719       13.547386       2.9957323        2.9957323       13.547386                       13.547386
              8       8.4412759       68.701896       0.3038835          147.09      0.14343151       68.701896       101.05362       10.891087       2.9957323        2.9957323       10.891087                       10.891087
              9       8.3520152       68.720016      0.30278766          147.09      0.14298968       68.720016       101.08027       10.712566       2.9957323        2.9957323       10.712566                       10.712566
              1       9.1039241       69.307098      0.28877093          147.09      0.13871036       69.307098       101.94381       12.216384       2.9957323        2.9957323       12.216384                       12.216384
              1       8.6759972       69.248869      0.29074762          147.09      0.13942528       69.248869       101.85816        11.36053       2.9957323        2.9957323        11.36053                        11.36053
              2       8.7619789       69.028958      0.29364456          147.09      0.13992155       69.028958       101.53469       11.532493       2.9957323        2.9957323       11.532493                       11.532493
              1           8.145        69.07822      0.29682941          147.09      0.14164107        69.07822       101.60715       10.298536       2.9957323        2.9957323       10.298536                       10.298536
              1       8.1758412       68.929427      0.29945929          147.09      0.14228107       68.929427       101.38829       10.360218       2.9957323        2.9957323       10.360218                       10.360218
              1       9.8152017       68.754218      0.29596665          147.09      0.13990765       68.754218       101.13058       13.638939       2.9957323        2.9957323       13.638939                       13.638939
              4       8.8478936       68.678755      0.29977843          147.09      0.14139863       68.678755       101.01958       11.704323       2.9957323        2.9957323       11.704323                       11.704323
              5       8.8995103       68.660865      0.29998068          147.09      0.14142032       68.660865       100.99327       11.807556       2.9957323        2.9957323       11.807556                       11.807556
              3       9.1294741       68.593124      0.30069747          147.09      0.14147866       68.593124       100.89363       12.267484       2.9957323        2.9957323       12.267484                       12.267484
              1       9.3179629       68.307827      0.30743252          147.09      0.14344676       68.307827       100.47398       12.644461       2.9957323        2.9957323       12.644461                       12.644461
              7       9.9169767       68.177654      0.30859954          147.09      0.14344301       68.177654       100.28251       13.842489       2.9957323        2.9957323       13.842489                       13.842489
              5       10.549249       68.258782      0.31519408          147.09      0.14685716       68.258782       100.40184       15.107034       2.9957323        2.9957323       15.107034                       15.107034
              1       8.6401791       68.580619      0.30317071          147.09      0.14259032       68.580619       100.87523       11.288894       2.9957323        2.9957323       11.288894                       11.288894
              5       8.6057257       68.581739      0.30344887          147.09      0.14272581       68.581739       100.87688       11.219987       2.9957323        2.9957323       11.219987                       11.219987
              2       8.8157085       69.452834      0.28801217          147.09      0.13892832       69.452834       102.15817       11.639952       2.9957323        2.9957323       11.639952                       11.639952
              4       8.7679183       69.479165      0.28800045          147.09      0.13902802       69.479165        102.1969       11.544372       2.9957323        2.9957323       11.544372                       11.544372
              8       9.1775922       69.426931      0.29501347          147.09      0.14219941       69.426931       102.12007        12.36372       2.9957323        2.9957323        12.36372                        12.36372
              4       8.7529857       68.504107      0.30681761          147.09      0.14398375       68.504107       100.76269       11.514507       2.9957323        2.9957323       11.514507                       11.514507
              4       8.8527859        68.46098      0.30757579          147.09      0.14415788        68.46098       100.69926       11.714107       2.9957323        2.9957323       11.714107                       11.714107
              1       8.8431147       68.461216      0.30746844          147.09      0.14410855       68.461216        100.6996       11.694765       2.9957323        2.9957323       11.694765                       11.694765
              1       8.3309766       68.759934      0.30069887          147.09      0.14216828       68.759934       101.13899       10.670489       2.9957323        2.9957323       10.670489                       10.670489
              1       8.8611244       69.333721      0.29592918          147.09      0.14225803       69.333721       101.98297       11.730784       2.9957323        2.9957323       11.730784                       11.730784
              1       9.1206797       68.982105      0.30270109          147.09      0.14404125       68.982105       101.46578       12.249895       2.9957323        2.9957323       12.249895                       12.249895
              1       8.6553679       68.602022      0.30243981          147.09      0.14233536       68.602022       100.90671       11.319271       2.9957323        2.9957323       11.319271                       11.319271
              8       8.7096575       68.835437      0.29713289          147.09      0.14079099       68.835437       101.25004       11.427851       2.9957323        2.9957323       11.427851                       11.427851
              1       8.7800893       68.941236      0.29503279          147.09      0.14022596       68.941236       101.40566       11.568714       2.9957323        2.9957323       11.568714                       11.568714
             22       8.5663258       68.987878      0.29493505          147.09      0.14036924       68.987878       101.47427       11.141187       2.9957323        2.9957323       11.141187                       11.141187
              1       8.5729108       68.743681      0.30430988          147.09      0.14380753       68.743681       101.11508       11.154357       2.9957323        2.9957323       11.154357                       11.154357
              2       8.7433495       69.022568      0.30105376          147.09      0.14342547       69.022568        101.5253       11.495234       2.9957323        2.9957323       11.495234                       11.495234
              2       9.9640534       68.910417      0.29299165          147.09      0.13913135       68.910417       101.36033       13.936642       2.9957323        2.9957323       13.936642                       13.936642
              1       8.5684146       69.273523      0.29606349          147.09      0.14207557       69.273523       101.89442       11.145365       2.9957323        2.9957323       11.145365                       11.145365
              2       10.332867       68.254669      0.31472384          147.09      0.14662039       68.254669       100.39579        14.67427       2.9957323        2.9957323        14.67427                        14.67427
              2       8.4614258       68.697662      0.30407032          147.09      0.14350199       68.697662       101.04739       10.931387       2.9957323        2.9957323       10.931387                       10.931387
              4       8.4683558       68.696693      0.30117672          147.09      0.14213239       68.696693       101.04597       10.945247       2.9957323        2.9957323       10.945247                       10.945247
              1       8.4444194        68.70952      0.30102071          147.09      0.14211182        68.70952       101.06483       10.897374       2.9957323        2.9957323       10.897374                       10.897374
              2       9.4417093       69.771625      0.28360947          147.09      0.13806335       69.771625       102.62708       12.891954       2.9957323        2.9957323       12.891954                       12.891954
              3        8.698189       69.325123      0.28975168          147.09      0.13925386       69.325123       101.97032       11.404914       2.9957323        2.9957323       11.404914                       11.404914
              3        9.150835       69.343081      0.29656748          147.09      0.14260337       69.343081       101.99674       12.310205       2.9957323        2.9957323       12.310205                       12.310205
              1       8.5740534       69.000046      0.30085203          147.09      0.14323584       69.000046       101.49217       11.156642       2.9957323        2.9957323       11.156642                       11.156642
              2       9.3561577       69.504567      0.28583378          147.09      0.13808301       69.504567       102.23427       12.720851       2.9957323        2.9957323       12.720851                       12.720851
              1       8.6438274       68.587781      0.30593786          147.09      0.14392185       68.587781       100.88577        11.29619       2.9957323        2.9957323        11.29619                        11.29619
              1       8.7496408        68.70634      0.29954995          147.09      0.14140438        68.70634       101.06016       11.507817       2.9957323        2.9957323       11.507817                       11.507817
              6       8.9587348       69.583962      0.28647004          147.09      0.13870673       69.583962       102.35105       11.926005       2.9957323        2.9957323       11.926005                       11.926005
              8       8.8654984       68.554604      0.30255435          147.09      0.14219248       68.554604       100.83697       11.739532       2.9957323        2.9957323       11.739532                       11.739532
              6       8.8934504        68.60571      0.30121574          147.09      0.14177452        68.60571       100.91214       11.795436       2.9957323        2.9957323       11.795436                       11.795436
              2       9.5770787       68.202756      0.30978787          147.09      0.14410142       68.202756       100.31943       13.162693       2.9957323        2.9957323       13.162693                       13.162693
              4       9.9239648       68.726651        0.296266          147.09      0.13993687       68.726651       101.09003       13.856465       2.9957323        2.9957323       13.856465                       13.856465
              7       10.841997       68.839047      0.29283153          147.09      0.13876743       68.839047       101.25535       15.692529       2.9957323        2.9957323       15.692529                       15.692529
              2       8.6775433       68.938777      0.30213592          147.09      0.14359176       68.938777       101.40205       11.363622       2.9957323        2.9957323       11.363622                       11.363622
              6       8.3689551       69.027849      0.29957025          147.09      0.14274055       69.027849       101.53306       10.746446       2.9957323        2.9957323       10.746446                       10.746446
              1       8.4901055       69.069929      0.29391037          147.09       0.1402145       69.069929       101.59496       10.988746       2.9957323        2.9957323       10.988746                       10.988746
              1       8.5063478       69.129835      0.29296229          147.09      0.14000475       69.129835       101.68307       11.021231       2.9957323        2.9957323       11.021231                       11.021231
              4       8.6432726       68.787413      0.29829056          147.09      0.14114239       68.787413       101.17941       11.295081       2.9957323        2.9957323       11.295081                       11.295081
              3       9.0797932       69.394687      0.28776901          147.09       0.1385787       69.394687       102.07265       12.168122       2.9957323        2.9957323       12.168122                       12.168122
              3        9.179041       69.408542      0.28734629          147.09      0.13843039       69.408542       102.09302       12.366617       2.9957323        2.9957323       12.366617                       12.366617
              3       10.293332       69.841025      0.28893639          147.09      0.14093649       69.841025       102.72916       14.595199       2.9957323        2.9957323       14.595199                       14.595199
              2       9.8404264       69.604438      0.29303748          147.09      0.14197015       69.604438       102.38117       13.689388       2.9957323        2.9957323       13.689388                       13.689388
              1       9.4843032       69.596747      0.28458801          147.09       0.1378461       69.596747       102.36985       12.977142       2.9957323        2.9957323       12.977142                       12.977142
              3       8.4253739       68.819936      0.29859719          147.09      0.14142111       68.819936       101.22724       10.859283       2.9957323        2.9957323       10.859283                       10.859283
              1       10.212555        69.02966      0.30408139          147.09      0.14489764        69.02966       101.53573       14.433645       2.9957323        2.9957323       14.433645                       14.433645
              4       8.9420565       68.953683       0.3026892          147.09      0.14391692       68.953683       101.42397       11.892648       2.9957323        2.9957323       11.892648                       11.892648
              1       9.9148309       68.695168       0.3086023          147.09      0.14563023       68.695168       101.04372       13.838197       2.9957323        2.9957323       13.838197                       13.838197
              1       9.7198615        68.61207      0.30931414          147.09      0.14561322        68.61207       100.92149       13.448258       2.9957323        2.9957323       13.448258                       13.448258
              3       8.7055001       68.637054      0.30127948          147.09      0.14193412       68.637054       100.95824       11.419536       2.9957323        2.9957323       11.419536                       11.419536
              1       8.3183735       68.824859       0.2991684          147.09      0.14171192       68.824859       101.23449       10.645282       2.9957323        2.9957323       10.645282                       10.645282
              3       9.1840765       68.329754      0.30768722          147.09      0.14365779       68.329754       100.50624       12.376688       2.9957323        2.9957323       12.376688                       12.376688
              2       8.7875386       68.771632      0.29809517          147.09      0.14098523       68.771632       101.15619       11.583613       2.9957323        2.9957323       11.583613                       11.583613
              2       9.0777296       68.690221      0.29883108          147.09      0.14099886       68.690221       101.03645       12.163995       2.9957323        2.9957323       12.163995                       12.163995
              4        9.921936       68.885823        0.305838          147.09      0.14512798       68.885823       101.32416       13.852408       2.9957323        2.9957323       13.852408                       13.852408
              1       9.9996679       68.821549      0.30694496          147.09      0.14538159       68.821549       101.22962       14.007871       2.9957323        2.9957323       14.007871                       14.007871
              3       10.540228       68.385889       0.3137849          147.09      0.14674558       68.385889        100.5888       15.088992       2.9957323        2.9957323       15.088992                       15.088992
              3        10.19366       68.049947      0.31498123          147.09      0.14586136       68.049947       100.09467       14.395855       2.9957323        2.9957323       14.395855                       14.395855
              1       9.7253121       68.160948      0.31043066          147.09      0.14422344       68.160948       100.25794        13.45916       2.9957323        2.9957323        13.45916                        13.45916
              2       10.851432       70.154715      0.28212022          147.09      0.13885066       70.154715       103.19057       15.711399       2.9957323        2.9957323       15.711399                       15.711399
              1       10.011258       69.963601      0.28467601          147.09      0.13934622       69.963601       102.90946       14.031051       2.9957323        2.9957323       14.031051                       14.031051
              2       9.0903451       69.232518      0.29844411          147.09      0.14304849       69.232518       101.83411       12.189226       2.9957323        2.9957323       12.189226                       12.189226
              4       10.116306        69.30986       0.2991712          147.09      0.14371756        69.30986       101.94787       14.241147       2.9957323        2.9957323       14.241147                       14.241147
              1        10.49281       69.009101      0.30486228          147.09      0.14518322       69.009101       101.50549       14.994155       2.9957323        2.9957323       14.994155                       14.994155
              4       10.001469       68.380902       0.3030847          147.09      0.14172082       68.380902       100.58147       14.011474       2.9957323        2.9957323       14.011474                       14.011474
              2       8.4605731       68.687494      0.30148942          147.09      0.14224186       68.687494       101.03243       10.929682       2.9957323        2.9957323       10.929682                       10.929682
             10       8.4466907       68.717262      0.30080236          147.09      0.14204074       68.717262       101.07622       10.901917       2.9957323        2.9957323       10.901917                       10.901917
              6       8.4021963       68.863294       0.2978452          147.09      0.14124276       68.863294       101.29102       10.812928       2.9957323        2.9957323       10.812928                       10.812928
              8       10.044936       69.555425      0.29445409          147.09      0.14245562       69.555425       102.30907       14.098408       2.9957323        2.9957323       14.098408                       14.098408
              2       10.125409       68.365857      0.31312427          147.09      0.14635085       68.365857       100.55934       14.259353       2.9957323        2.9957323       14.259353                       14.259353
              2       9.9335196       68.486002      0.31134103          147.09       0.1460293       68.486002       100.73606       13.875575       2.9957323        2.9957323       13.875575                       13.875575
              3       8.6330006       68.653351        0.301249          147.09      0.14198717       68.653351       100.98221       11.274537       2.9957323        2.9957323       11.274537                       11.274537
              2        8.883606       69.591655      0.29018029          147.09      0.14053427       69.591655       102.36237       11.775747       2.9957323        2.9957323       11.775747                       11.775747
              5       8.4767379       69.425302      0.29015835          147.09      0.13985263       69.425302       102.11768       10.962011       2.9957323        2.9957323       10.962011                       10.962011
              3        9.432416       69.842944      0.28457252          147.09      0.13881552       69.842944       102.73199       12.873367       2.9957323        2.9957323       12.873367                       12.873367
              1       9.5277051       69.701728      0.29007893          147.09      0.14092994       69.701728       102.52427       13.063946       2.9957323        2.9957323       13.063946                       13.063946
              3       9.5506822       68.197963       0.3111591          147.09      0.14471892       68.197963       100.31238         13.1099       2.9957323        2.9957323         13.1099                         13.1099
              3       8.5388776       69.190897      0.29199509          147.09      0.13978915       69.190897       101.77289       11.086291       2.9957323        2.9957323       11.086291                       11.086291
             11       8.2788701        69.26133      0.29268626          147.09      0.14040546        69.26133       101.87649       10.566276       2.9957323        2.9957323       10.566276                       10.566276
              2       8.4041742        68.80418      0.29904855          147.09      0.14157004        68.80418       101.20407       10.816884       2.9957323        2.9957323       10.816884                       10.816884
              2         8.41166       68.677481      0.30240472          147.09       0.1426321       68.677481       101.01771       10.831855       2.9957323        2.9957323       10.831855                       10.831855
              3       9.4717636       68.380008      0.30459224          147.09      0.14242202       68.380008       100.58015       12.952063       2.9957323        2.9957323       12.952063                       12.952063
              1       10.101681       68.310412      0.30447296          147.09      0.14207659       68.310412       100.47778       14.211897       2.9957323        2.9957323       14.211897                       14.211897
              9       8.3590739       69.096985       0.2983838          147.09      0.14246016       69.096985       101.63475       10.726683       2.9957323        2.9957323       10.726683                       10.726683
              2       8.5701649       68.651473      0.30512176          147.09      0.14380464       68.651473       100.97945       11.148865       2.9957323        2.9957323       11.148865                       11.148865
              2       8.4946582       68.665518      0.30449335          147.09      0.14356719       68.665518       101.00011       10.997852       2.9957323        2.9957323       10.997852                       10.997852
              4       8.1828551       68.925439      0.29961713          147.09      0.14233959       68.925439       101.38243       10.374246       2.9957323        2.9957323       10.374246                       10.374246
              1       8.7624661        68.70275      0.29957797          147.09      0.14140284        68.70275       101.05488       11.533468       2.9957323        2.9957323       11.533468                       11.533468
              6       8.5094877       68.810115       0.2983871          147.09      0.14128128       68.810115        101.2128       11.027511       2.9957323        2.9957323       11.027511                       11.027511
              2       9.3281503       68.607012      0.30843719          147.09      0.14517898       68.607012       100.91405       12.664836       2.9957323        2.9957323       12.664836                       12.664836
              1       11.345223       67.796997      0.31593739          147.09       0.1452185       67.796997       99.722604        16.69898       2.9957323        2.9957323        16.69898                        16.69898
              3       10.538381       68.382304      0.30192688          147.09      0.14118522       68.382304       100.58353       15.085297       2.9957323        2.9957323       15.085297                       15.085297
              1       9.9195047         68.3699      0.30353496          147.09       0.1418857         68.3699       100.56529       13.847545       2.9957323        2.9957323       13.847545                       13.847545
              2       10.890977       68.099872      0.30774931          147.09      0.14272159       68.099872        100.1681       15.790489       2.9957323        2.9957323       15.790489                       15.790489
             12        8.341674       69.196791      0.29646812          147.09      0.14195475       69.196791       101.78156       10.691883       2.9957323        2.9957323       10.691883                       10.691883
              1       8.3900386       68.738173      0.30070844          147.09      0.14208282       68.738173       101.10698       10.788613       2.9957323        2.9957323       10.788613                       10.788613
              8       8.2121353       68.887008      0.29877756          147.09       0.1417825       68.887008        101.3259       10.432806       2.9957323        2.9957323       10.432806                       10.432806
              2       8.2343063       68.820531      0.30043438          147.09       0.1422937       68.820531       101.22812       10.477148       2.9957323        2.9957323       10.477148                       10.477148
              2       8.2951621       68.773987      0.30076441          147.09       0.1422574       68.773987       101.15966        10.59886       2.9957323        2.9957323        10.59886                        10.59886
             11        8.195042       69.006346      0.29876449          147.09      0.14226794       69.006346       101.50143        10.39862       2.9957323        2.9957323        10.39862                        10.39862
              2       9.4754738       69.637908       0.2913956          147.09       0.1413105       69.637908        102.4304       12.959483       2.9957323        2.9957323       12.959483                       12.959483
              7       9.1537989       69.351296       0.2964195          147.09      0.14256599       69.351296       102.00882       12.316133       2.9957323        2.9957323       12.316133                       12.316133
              1        8.554471       68.584143      0.30481455          147.09       0.1433782       68.584143       100.88042       11.117477       2.9957323        2.9957323       11.117477                       11.117477
              3       8.6738981       68.940056      0.29537813          147.09      0.14038529       68.940056       101.40393       11.356332       2.9957323        2.9957323       11.356332                       11.356332
              8       8.4809047       68.802411      0.30321131          147.09      0.14353331       68.802411       101.20147       10.970345       2.9957323        2.9957323       10.970345                       10.970345
              2       9.9446693       69.982367      0.28329731          147.09      0.13874575       69.982367       102.93706       13.897874       2.9957323        2.9957323       13.897874                       13.897874
              1         10.0021       69.980133      0.28397384          147.09      0.13906821       69.980133       102.93378       14.012735       2.9957323        2.9957323       14.012735                       14.012735
              1        8.286289       68.998195      0.29957894          147.09      0.14262207       68.998195       101.48944       10.581113       2.9957323        2.9957323       10.581113                       10.581113
              5       8.3037716       69.271603      0.29458108          147.09      0.14135635       69.271603        101.8916       10.616079       2.9957323        2.9957323       10.616079                       10.616079
              5       8.9088428       69.228481      0.29031049          147.09       0.1391337       69.228481       101.82817       11.826221       2.9957323        2.9957323       11.826221                       11.826221
              4       9.4322911       69.256114      0.28870314          147.09      0.13847384       69.256114       101.86882       12.873118       2.9957323        2.9957323       12.873118                       12.873118
              3       10.393128       69.103846      0.30316051          147.09      0.14476949       69.103846       101.64485        14.79479       2.9957323        2.9957323        14.79479                        14.79479
              1       10.400481       69.108173      0.30310048          147.09      0.14475896       69.108173       101.65121       14.809497       2.9957323        2.9957323       14.809497                       14.809497
              3       8.3376438       69.065284      0.29880702          147.09      0.14253135       69.065284       101.58813       10.683823       2.9957323        2.9957323       10.683823                       10.683823
              4       8.5180038       69.460159      0.28981143          147.09      0.13982572       69.460159       102.16895       11.044543       2.9957323        2.9957323       11.044543                       11.044543
              1       8.7271602       68.533578      0.30396852          147.09       0.1427695       68.533578       100.80604       11.462856       2.9957323        2.9957323       11.462856                       11.462856
              4        8.752714       68.521264      0.30416679          147.09      0.14281129       68.521264       100.78793       11.513963       2.9957323        2.9957323       11.513963                       11.513963
              1       9.5263132       68.394265      0.30405494          147.09      0.14223007       68.394265       100.60112       13.061162       2.9957323        2.9957323       13.061162                       13.061162
              1        9.362064       68.908651      0.29415879          147.09      0.13967843       68.908651       101.35774       12.732664       2.9957323        2.9957323       12.732664                       12.732664
              3        9.001258        68.40916      0.30608044          147.09      0.14323993        68.40916       100.62303       12.011051       2.9957323        2.9957323       12.011051                       12.011051
              2       10.691179       68.060618      0.30933626          147.09      0.14329222       68.060618       100.11036       15.390894       2.9957323        2.9957323       15.390894                       15.390894
              1       8.4255553       69.210158      0.29223076          147.09      0.13997988       69.210158       101.80122       10.859646       2.9957323        2.9957323       10.859646                       10.859646
              1       8.1976934       68.984785      0.29691929          147.09      0.14130094       68.984785       101.46972       10.403922       2.9957323        2.9957323       10.403922                       10.403922
              4       8.2335645       68.961205      0.29703097          147.09      0.14125747       68.961205       101.43504       10.475665       2.9957323        2.9957323       10.475665                       10.475665
              2       9.7827869       69.417133      0.28590986          147.09      0.13777248       69.417133       102.10566       13.574109       2.9957323        2.9957323       13.574109                       13.574109
              1       9.1715989       69.753071      0.28655863          147.09      0.13942484       69.753071       102.59979       12.351733       2.9957323        2.9957323       12.351733                       12.351733
              2       8.2311953       69.027653      0.29590219          147.09      0.14099197       69.027653       101.53278       10.470926       2.9957323        2.9957323       10.470926                       10.470926
              7       8.9717573       69.669033      0.28642728          147.09      0.13902533       69.669033       102.47618        11.95205       2.9957323        2.9957323        11.95205                        11.95205
             10        8.856527       69.623141      0.28717033          147.09      0.13920242       69.623141       102.40868        11.72159       2.9957323        2.9957323        11.72159                        11.72159
              1       9.7580081       68.995547      0.29196228          147.09       0.1389853       68.995547       101.48555       13.524552       2.9957323        2.9957323       13.524552                       13.524552
              2       9.2851253       69.152752      0.30029078          147.09      0.14360215       69.152752       101.71678       12.578786       2.9957323        2.9957323       12.578786                       12.578786
              1       8.9067954       68.605211      0.30117678          147.09      0.14175412       68.605211        100.9114       11.822126       2.9957323        2.9957323       11.822126                       11.822126
              1       8.8913481       68.861118      0.29611371          147.09      0.14041279       68.861118       101.28782       11.791232       2.9957323        2.9957323       11.791232                       11.791232
              1       9.8574367       69.134226      0.30174761          147.09      0.14422151       69.134226       101.68953       13.723409       2.9957323        2.9957323       13.723409                       13.723409
              2       10.443604       68.663649      0.31000098          147.09      0.14615606       68.663649       100.99736       14.895744       2.9957323        2.9957323       14.895744                       14.895744
              4       8.8446302       68.452896      0.30593223          147.09      0.14335369       68.452896       100.68736       11.697796       2.9957323        2.9957323       11.697796                       11.697796
              1       8.9165217       68.426177      0.30625561          147.09      0.14339322       68.426177       100.64806       11.841579       2.9957323        2.9957323       11.841579                       11.841579
              6       8.9912713       68.430342      0.30864782          147.09      0.14453088       68.430342       100.65419       11.991078       2.9957323        2.9957323       11.991078                       11.991078
              7       8.7830449       69.565684       0.2875455          147.09      0.13915432       69.565684       102.32417       11.574625       2.9957323        2.9957323       11.574625                       11.574625
              4       9.0963266       69.712794      0.28565091          147.09      0.13882273       69.712794       102.54055       12.201189       2.9957323        2.9957323       12.201189                       12.201189
              5       10.108007       69.978719      0.28466166          147.09      0.13939942       69.978719        102.9317       14.224548       2.9957323        2.9957323       14.224548                       14.224548
              2       8.4721069       68.775738      0.29928498          147.09      0.14156485       68.775738       101.16223       10.952749       2.9957323        2.9957323       10.952749                       10.952749
              2       8.7785184       69.307513       0.2896836          147.09      0.13915042       69.307513       101.94442       11.565572       2.9957323        2.9957323       11.565572                       11.565572
              3       8.5680793        69.30963      0.29043453          147.09      0.13951966        69.30963       101.94753       11.144694       2.9957323        2.9957323       11.144694                       11.144694
              2       9.0379644       69.519968      0.28661089          147.09      0.13851979       69.519968       102.25692       12.084464       2.9957323        2.9957323       12.084464                       12.084464
              5       8.9060289       68.817178       0.2968716          147.09      0.14059257       68.817178       101.22319       11.820593       2.9957323        2.9957323       11.820593                       11.820593
              7        9.410692       68.381906      0.30476139          147.09      0.14250902       68.381906       100.58295       12.829919       2.9957323        2.9957323       12.829919                       12.829919
              3       8.8033365       69.080674      0.29272222          147.09      0.13969113       69.080674       101.61076       11.615208       2.9957323        2.9957323       11.615208                       11.615208
              6       8.3961984       69.117895      0.29359767          147.09      0.14025993       69.117895       101.66551       10.800932       2.9957323        2.9957323       10.800932                       10.800932
              1        8.783711       69.340476      0.28927988          147.09       0.1390887       69.340476       101.99291       11.575957       2.9957323        2.9957323       11.575957                       11.575957
              3       11.000496        69.89225      0.28931475          147.09      0.14132813        69.89225       102.80451       16.009527       2.9957323        2.9957323       16.009527                       16.009527
              1       10.104735       69.312631      0.29910174          147.09      0.14369568       69.312631       101.95195       14.218006       2.9957323        2.9957323       14.218006                       14.218006
              2       9.9938049       69.309751      0.29895661          147.09      0.14361402       69.309751       101.94771       13.996145       2.9957323        2.9957323       13.996145                       13.996145
              1       9.8085997       69.110034      0.29009337          147.09       0.1385543       69.110034       101.65395       13.625735       2.9957323        2.9957323       13.625735                       13.625735
              2         9.53738       68.926311      0.29350625          147.09      0.13944002       68.926311       101.38371       13.083295       2.9957323        2.9957323       13.083295                       13.083295
              1       9.9214575       69.126691      0.28964741          147.09        0.138408       69.126691       101.67845        13.85145       2.9957323        2.9957323        13.85145                        13.85145
              9        8.585384       69.361265      0.28983041          147.09      0.13943698       69.361265       102.02349       11.179303       2.9957323        2.9957323       11.179303                       11.179303
              4       9.6541122       69.871398        0.282644          147.09      0.13798715       69.871398       102.77384        13.31676       2.9957323        2.9957323        13.31676                        13.31676
              3       8.7244433       69.550428      0.28800077          147.09      0.13931352       69.550428       102.30172       11.457422       2.9957323        2.9957323       11.457422                       11.457422
              4       10.015125       69.296573      0.29922921          147.09      0.14369031       69.296573       101.92833       14.038785       2.9957323        2.9957323       14.038785                       14.038785
              1         11.1217       70.164299       0.2828708          147.09      0.13925811       70.164299       103.20467       16.251935       2.9957323        2.9957323       16.251935                       16.251935
              6       8.6225016       69.503913      0.28881992          147.09      0.13952295       69.503913        102.2333       11.253539       2.9957323        2.9957323       11.253539                       11.253539
              2       9.5832328       69.774406      0.28301565          147.09      0.13778525       69.774406       102.63117       13.175001       2.9957323        2.9957323       13.175001                       13.175001
              1       8.6993607       68.994813      0.30135399          147.09      0.14345307       68.994813       101.48447       11.407257       2.9957323        2.9957323       11.407257                       11.407257
              5       8.4758521       68.842733      0.30269853          147.09      0.14345858       68.842733       101.26078        10.96024       2.9957323        2.9957323        10.96024                        10.96024
              1       8.3594433       69.285681        0.291798          147.09       0.1400778       69.285681       101.91231       10.727422       2.9957323        2.9957323       10.727422                       10.727422
              1       8.4384331       69.408964      0.29058182          147.09      0.13999082       69.408964       102.09365       10.885402       2.9957323        2.9957323       10.885402                       10.885402
              2       8.2880852       69.220509       0.2929333          147.09      0.14035837       69.220509       101.81645       10.584706       2.9957323        2.9957323       10.584706                       10.584706
              3       8.4145461       68.951484      0.29615622          147.09      0.14080176       68.951484       101.42074       10.837628       2.9957323        2.9957323       10.837628                       10.837628
             10       9.6549419       69.838284      0.28256609          147.09      0.13781839       69.838284       102.72513       13.318419       2.9957323        2.9957323       13.318419                       13.318419
              3       8.7115451       68.860216      0.30337661          147.09      0.14385298       68.860216       101.28649       11.431626       2.9957323        2.9957323       11.431626                       11.431626
              5       8.2874435       69.213516      0.29576362          147.09      0.14168588       69.213516       101.80616       10.583422       2.9957323        2.9957323       10.583422                       10.583422
              3       8.1885127       69.054665      0.29794259          147.09      0.14207532       69.054665       101.57251       10.385561       2.9957323        2.9957323       10.385561                       10.385561
              3       8.5718126       68.600372      0.30529498          147.09      0.14367215       68.600372       100.90429       11.152161       2.9957323        2.9957323       11.152161                       11.152161
              2       8.8599032       68.522623       0.3075855          147.09      0.14442215       68.522623       100.78993       11.728342       2.9957323        2.9957323       11.728342                       11.728342
              1       8.9669626       68.397381      0.30801631          147.09      0.14409624       68.397381       100.60571       11.942461       2.9957323        2.9957323       11.942461                       11.942461
              9       9.1341098        68.40536      0.30532065          147.09      0.14286849        68.40536       100.61744       12.276755       2.9957323        2.9957323       12.276755                       12.276755
              3       8.8587305       69.566603      0.28705731          147.09      0.13892174       69.566603       102.32552       11.725997       2.9957323        2.9957323       11.725997                       11.725997
              4       8.7487019       68.624645      0.30629417          147.09      0.14424439       68.624645       100.93999       11.505939       2.9957323        2.9957323       11.505939                       11.505939
             10       8.9371365       68.681721      0.30640669          147.09      0.14453751       68.681721       101.02394       11.882809       2.9957323        2.9957323       11.882809                       11.882809
              3       8.2804573       69.211452      0.29575225          147.09      0.14167198       69.211452       101.80312        10.56945       2.9957323        2.9957323        10.56945                        10.56945
              4       9.2738288        69.06117      0.30179124          147.09      0.14393768        69.06117       101.58207       12.556193       2.9957323        2.9957323       12.556193                       12.556193
              5       9.3114801       69.269305      0.29831172          147.09      0.14313702       69.269305       101.88822       12.631496       2.9957323        2.9957323       12.631496                       12.631496
              3       8.5469235       69.134032      0.29274945          147.09      0.13992002       69.134032       101.68925       11.102382       2.9957323        2.9957323       11.102382                       11.102382
              2       8.2728953       69.275565      0.29270895          147.09      0.14047407       69.275565       101.89743       10.554326       2.9957323        2.9957323       10.554326                       10.554326
              5       8.1709672       68.928186      0.29846296          147.09      0.14180259       68.928186       101.38647        10.35047       2.9957323        2.9957323        10.35047                        10.35047
              1       9.7896902        68.55795      0.31015114          147.09      0.14577701        68.55795       100.84189       13.587916       2.9957323        2.9957323       13.587916                       13.587916
              1        9.864281       68.404245      0.31208761          147.09      0.14603018       68.404245        100.6158       13.737097       2.9957323        2.9957323       13.737097                       13.737097
              1       9.8624018       68.402251       0.3121035          147.09       0.1460291       68.402251       100.61287       13.733339       2.9957323        2.9957323       13.733339                       13.733339
              2       9.2943476       69.597937      0.28511751          147.09       0.1381073       69.597937       102.37161       12.597231       2.9957323        2.9957323       12.597231                       12.597231
              3       9.4774519       69.542674      0.29344884          147.09      0.14191725       69.542674       102.29032       12.963439       2.9957323        2.9957323       12.963439                       12.963439
              4       9.6142652       69.774958      0.28855245          147.09      0.14048305       69.774958       102.63199       13.237066       2.9957323        2.9957323       13.237066                       13.237066
              8       10.271998        69.97052      0.28559943          147.09      0.13982587        69.97052       102.91964       14.552531       2.9957323        2.9957323       14.552531                       14.552531
              7       9.0973534       69.692853      0.28550647          147.09      0.13867317       69.692853       102.51122       12.203242       2.9957323        2.9957323       12.203242                       12.203242
              3       9.1895562       69.726053      0.28498159          147.09      0.13855014       69.726053       102.56005       12.387648       2.9957323        2.9957323       12.387648                       12.387648
              2        8.545602       69.074381      0.29363454          147.09      0.14010097       69.074381       101.60151       11.099739       2.9957323        2.9957323       11.099739                       11.099739
              9       8.7783943       68.563722      0.30275256          147.09       0.1423235       68.563722       100.85038       11.565324       2.9957323        2.9957323       11.565324                       11.565324
              4       11.009063       67.901582      0.31329053          147.09      0.14444651       67.901582       99.876437       16.026662       2.9957323        2.9957323       16.026662                       16.026662
              7       10.924129       67.920393      0.31297217          147.09      0.14437969       67.920393       99.904106       15.856793       2.9957323        2.9957323       15.856793                       15.856793
              8       8.4830081       68.630876      0.30427807          147.09      0.14332097       68.630876       100.94916       10.974552       2.9957323        2.9957323       10.974552                       10.974552
              8       8.6004093       68.779985      0.30401395          147.09      0.14381947       68.779985       101.16848       11.209354       2.9957323        2.9957323       11.209354                       11.209354
              3       8.6340263       68.763181      0.30435221          147.09      0.14390914       68.763181       101.14376       11.276588       2.9957323        2.9957323       11.276588                       11.276588
              3       10.153967       68.449852       0.3012493          147.09      0.14114681       68.449852       100.68289       14.316469       2.9957323        2.9957323       14.316469                       14.316469
              1       13.280121       68.230916      0.30103729          147.09      0.14014664       68.230916       100.36085       20.568778       2.9957323        2.9957323       20.568778                       20.568778
              1       13.273589       68.538496      0.29516295          147.09      0.13865355       68.538496       100.81327       20.555714       2.9957323        2.9957323       20.555714                       20.555714
              4       12.433859       68.268366      0.30133934          147.09       0.1404413       68.268366       100.41594       18.876253       2.9957323        2.9957323       18.876253                       18.876253
              2       10.222978       68.202274       0.3068395          147.09      0.14272793       68.202274       100.31873       14.454492       2.9957323        2.9957323       14.454492                       14.454492
              2       11.820024       67.937151      0.30987747          147.09       0.1430226       67.937151       99.928756       17.648583       2.9957323        2.9957323       17.648583                       17.648583
              9       10.259577       69.204211      0.30125571          147.09      0.14427807       69.204211       101.79247       14.527689       2.9957323        2.9957323       14.527689                       14.527689
              1         9.74355       68.151709      0.31259943          147.09      0.14519167       68.151709       100.24435       13.495636       2.9957323        2.9957323       13.495636                       13.495636
              9       8.4550582       68.742183      0.30013683          147.09      0.14182929       68.742183       101.11288       10.918652       2.9957323        2.9957323       10.918652                       10.918652
              3       8.4035211       69.399294      0.29182928          147.09      0.14055263       69.399294       102.07942       10.815578       2.9957323        2.9957323       10.815578                       10.815578
              2       8.1693252       69.076834      0.29575192          147.09      0.14112125       69.076834       101.60511       10.347186       2.9957323        2.9957323       10.347186                       10.347186
              1       8.8456266       69.395704      0.29463878          147.09      0.14189107       69.395704       102.07414       11.699789       2.9957323        2.9957323       11.699789                       11.699789
              1       8.8445166       69.371906      0.29511972          147.09      0.14202523       69.371906       102.03914       11.697569       2.9957323        2.9957323       11.697569                       11.697569
              6        8.960947       69.595209      0.28640841          147.09      0.13872172       69.595209       102.36759       11.930429       2.9957323        2.9957323       11.930429                       11.930429
              2       9.9225006       69.931201      0.28532092          147.09      0.13953257       69.931201        102.8618       13.853537       2.9957323        2.9957323       13.853537                       13.853537
              2       9.9559626       69.981529      0.28349144          147.09      0.13883751       69.981529       102.93583       13.920461       2.9957323        2.9957323       13.920461                       13.920461
             11       8.4365903       69.365317       0.2906666          147.09       0.1398556       69.365317       102.02944       10.881716       2.9957323        2.9957323       10.881716                       10.881716
              1       8.7568824       68.764635      0.29833484          147.09      0.14106987       68.764635        101.1459         11.5223       2.9957323        2.9957323         11.5223                         11.5223
              2       9.0651976       68.367966      0.30722417          147.09      0.14360207       68.367966       100.56244       12.138931       2.9957323        2.9957323       12.138931                       12.138931
              3       9.5518235       68.213917       0.3094763          147.09      0.14400361       68.213917       100.33585       13.112182       2.9957323        2.9957323       13.112182                       13.112182
              2        8.421456       68.767209        0.299766          147.09      0.14175721       68.767209       101.14969       10.851447       2.9957323        2.9957323       10.851447                       10.851447
              5       8.4947328       68.791457       0.2988378          147.09      0.14141795       68.791457       101.18535       10.998001       2.9957323        2.9957323       10.998001                       10.998001
             13       8.2534671       69.205121      0.29565506          147.09      0.14159952       69.205121       101.79381        10.51547       2.9957323        2.9957323        10.51547                        10.51547
              1       9.3578073       68.397039       0.3106105          147.09      0.14530841       68.397039        100.6052        12.72415       2.9957323        2.9957323        12.72415                        12.72415
              2       9.3423328        69.71009      0.28919965          147.09      0.14053647        69.71009       102.53657       12.693201       2.9957323        2.9957323       12.693201                       12.693201
              7       8.5305635       68.974016      0.29529621          147.09      0.14048466       68.974016       101.45388       11.069662       2.9957323        2.9957323       11.069662                       11.069662
              5       8.6753509       68.991831      0.29450567          147.09      0.14018095       68.991831       101.48008       11.359237       2.9957323        2.9957323       11.359237                       11.359237
              3       9.2068087       68.378613      0.31002774          147.09      0.14495765       68.378613        100.5781       12.422153       2.9957323        2.9957323       12.422153                       12.422153
              3       12.593065       67.652926      0.31633148          147.09      0.14478234       67.652926       99.510689       19.194664       2.9957323        2.9957323       19.194664                       19.194664
              1       9.2036858       68.639348      0.29951418          147.09      0.14111192       68.639348       100.96162       12.415907       2.9957323        2.9957323       12.415907                       12.415907
              2       8.8730175       68.657845      0.30013655          147.09      0.14148136       68.657845       100.98882        11.75457       2.9957323        2.9957323        11.75457                        11.75457
              3       9.1750939       68.878864      0.29508235          147.09      0.13999586       68.878864       101.31392       12.358723       2.9957323        2.9957323       12.358723                       12.358723
              1       9.6591777       69.733558      0.28299104          147.09      0.13761201       69.733558       102.57109       13.326891       2.9957323        2.9957323       13.326891                       13.326891
              5       8.8579868       69.550804      0.29115925          147.09      0.14084288       69.550804       102.30228       11.724509       2.9957323        2.9957323       11.724509                       11.724509
              4       8.1486592       69.109001       0.2961995          147.09      0.14146648       69.109001       101.65243       10.305854       2.9957323        2.9957323       10.305854                       10.305854
              3        8.246687       69.201233       0.2956759          147.09      0.14159359       69.201233       101.78809       10.501909       2.9957323        2.9957323       10.501909                       10.501909
             13       8.6264549        68.54381      0.30506397          147.09       0.1433268        68.54381       100.82109       11.261445       2.9957323        2.9957323       11.261445                       11.261445
              3       9.5367839        69.84888      0.28591481          147.09        0.139494        69.84888       102.74072       13.082103       2.9957323        2.9957323       13.082103                       13.082103
              1       11.206498       70.276199      0.27795999          147.09      0.13727733       70.276199       103.36926       16.421532       2.9957323        2.9957323       16.421532                       16.421532
              1       10.001091       70.001551      0.28270832          147.09      0.13853321       70.001551       102.96528       14.010717       2.9957323        2.9957323       14.010717                       14.010717
              1       11.571075        69.82435      0.27836556          147.09      0.13571545        69.82435       102.70464       17.150686       2.9957323        2.9957323       17.150686                       17.150686
              5       11.559378       69.809592      0.27853395          147.09      0.13574015       69.809592       102.68293       17.127292       2.9957323        2.9957323       17.127292                       17.127292
             10       8.2158271       69.233948      0.29427027          147.09      0.14105373       69.233948       101.83621        10.44019       2.9957323        2.9957323        10.44019                        10.44019
              3       8.1754169       69.176353      0.29497425          147.09      0.14115603       69.176353        101.7515       10.359369       2.9957323        2.9957323       10.359369                       10.359369
              4       8.1887542       69.197112      0.29478998          147.09      0.14115253       69.197112       101.78203       10.386044       2.9957323        2.9957323       10.386044                       10.386044
              3       8.4321563       69.334689      0.29407781          147.09        0.141372       69.334689       101.98439       10.872848       2.9957323        2.9957323       10.872848                       10.872848
              1       8.3387321       69.165853      0.29704355          147.09      0.14210312       69.165853       101.73605          10.686       2.9957323        2.9957323          10.686                          10.686
              4       8.1443961       69.057594      0.29721549          147.09      0.14174062       69.057594       101.57681       10.297328       2.9957323        2.9957323       10.297328                       10.297328
              2       8.8838497       68.459315      0.30522219          147.09      0.14304781       68.459315       100.69681       11.776235       2.9957323        2.9957323       11.776235                       11.776235
              3       9.5372424       68.219226      0.31172203          147.09      0.14507116       68.219226       100.34366        13.08302       2.9957323        2.9957323        13.08302                        13.08302
              2       8.8927448         68.6645      0.29992637          147.09      0.14140969         68.6645       100.99861       11.794025       2.9957323        2.9957323       11.794025                       11.794025
             10       8.2670901       69.246028      0.29291027          147.09      0.14045084       69.246028       101.85398       10.542716       2.9957323        2.9957323       10.542716                       10.542716
              3       8.6141774       68.594607      0.30294907          147.09       0.1425442       68.594607       100.89581        11.23689       2.9957323        2.9957323        11.23689                        11.23689
              7       8.4386435       68.660984      0.30262229          147.09      0.14266616       68.660984       100.99344       10.885822       2.9957323        2.9957323       10.885822                       10.885822
              1        8.466959       68.800756      0.29878064          147.09      0.14142913       68.800756       101.19903       10.942454       2.9957323        2.9957323       10.942454                       10.942454
              1       8.4687289       68.907436      0.29670361          147.09      0.14088184       68.907436       101.35595       10.945993       2.9957323        2.9957323       10.945993                       10.945993
              4       8.4047178       68.925124      0.29666989          147.09      0.14093815       68.925124       101.38196       10.817971       2.9957323        2.9957323       10.817971                       10.817971
              3       8.5398262       68.921589      0.29616523          147.09      0.14068398       68.921589       101.37676       11.088188       2.9957323        2.9957323       11.088188                       11.088188
              3       9.1269272       69.042396      0.29249389          147.09      0.13942753       69.042396       101.55446        12.26239       2.9957323        2.9957323        12.26239                        12.26239
              4        8.230767       69.196642      0.29368697          147.09      0.14062247       69.196642       101.78134       10.470069       2.9957323        2.9957323       10.470069                       10.470069
              2        8.231575       69.255255      0.29365826          147.09      0.14084703       69.255255       101.86756       10.471686       2.9957323        2.9957323       10.471686                       10.471686
              1       8.1555629       69.041668      0.29772824          147.09      0.14191967       69.041668       101.55339       10.319661       2.9957323        2.9957323       10.319661                       10.319661
              8       8.2480906       69.270609      0.29373777          147.09      0.14094764       69.270609       101.89014       10.504717       2.9957323        2.9957323       10.504717                       10.504717
              3       8.3033246       69.222424      0.29279797          147.09      0.14030129       69.222424       101.81926       10.615185       2.9957323        2.9957323       10.615185                       10.615185
              9       8.1702333       68.934576      0.29930615          147.09      0.14222956       68.934576       101.39587       10.349002       2.9957323        2.9957323       10.349002                       10.349002
              9       8.2506968       69.267826      0.29394659          147.09       0.1410365       69.267826       101.88605       10.509929       2.9957323        2.9957323       10.509929                       10.509929
              1       8.2471808       69.263305      0.29403235          147.09      0.14105924       69.263305        101.8794       10.502897       2.9957323        2.9957323       10.502897                       10.502897
              5       8.6271783       69.472033      0.29189866          147.09       0.1408809       69.472033       102.18641       11.262892       2.9957323        2.9957323       11.262892                       11.262892
              2       8.4954498        68.89143      0.30214346          147.09      0.14339817        68.89143        101.3324       10.999435       2.9957323        2.9957323       10.999435                       10.999435
              1       8.8990605       69.584881      0.29046468          147.09      0.14064462       69.584881        102.3524       11.806657       2.9957323        2.9957323       11.806657                       11.806657
              4       9.5691392       69.829666      0.28679945          147.09      0.13984864       69.829666       102.71246       13.146814       2.9957323        2.9957323       13.146814                       13.146814
              6       10.385808       70.088998      0.28010207          147.09      0.13759924       70.088998       103.09391       14.780151       2.9957323        2.9957323       14.780151                       14.780151
              1       9.7590991       69.829653      0.28763559          147.09       0.1402563       69.829653       102.71244       13.526734       2.9957323        2.9957323       13.526734                       13.526734
              1       8.6111726        69.46238      0.29205236          147.09      0.14091591        69.46238       102.17221       11.230881       2.9957323        2.9957323       11.230881                       11.230881
              2       8.2866829       68.930072      0.30054618          147.09      0.14280016       68.930072       101.38924       10.581901       2.9957323        2.9957323       10.581901                       10.581901
              4       9.1052894       69.632432       0.2902192          147.09      0.14071787       69.632432       102.42234       12.219114       2.9957323        2.9957323       12.219114                       12.219114
              2       8.9808828       69.606863      0.29030235          147.09      0.14065484       69.606863       102.38473       11.970301       2.9957323        2.9957323       11.970301                       11.970301
              1       9.2065742       69.677779      0.28947398          147.09      0.14053941       69.677779       102.48905       12.421684       2.9957323        2.9957323       12.421684                       12.421684
              1       12.700098       69.044845      0.30716837          147.09      0.14643302       69.044845       101.55806       19.408731       2.9957323        2.9957323       19.408731                       19.408731
              7        8.582964       68.566601      0.30463948          147.09      0.14322256       68.566601       100.85461       11.174464       2.9957323        2.9957323       11.174464                       11.174464
              6       8.6961549        68.57332      0.30635952          147.09      0.14405944        68.57332        100.8645       11.400845       2.9957323        2.9957323       11.400845                       11.400845
              3       11.242635       70.283913      0.27794262          147.09      0.13729889       70.283913       103.38061       16.493806       2.9957323        2.9957323       16.493806                       16.493806
              1       8.8422123       69.581154      0.29022325          147.09      0.14051266       69.581154       102.34692        11.69296       2.9957323        2.9957323        11.69296                        11.69296
              1         9.20275       69.396933       0.2874212          147.09      0.13842016       69.396933       102.07595       12.414035       2.9957323        2.9957323       12.414035                       12.414035
              1       8.5940547       69.393804      0.28949862          147.09      0.13940806       69.393804       102.07135       11.196645       2.9957323        2.9957323       11.196645                       11.196645
              2       8.8961728       68.522287      0.30324424          147.09      0.14238238       68.522287       100.78943       11.800881       2.9957323        2.9957323       11.800881                       11.800881
              6       9.5480308       68.243617      0.30827282          147.09      0.14356855       68.243617       100.37954       13.104597       2.9957323        2.9957323       13.104597                       13.104597
              1        8.846146       69.257678      0.29010054          147.09      0.13915038       69.257678       101.87112       11.700827       2.9957323        2.9957323       11.700827                       11.700827
              1       9.0518743       69.655622       0.2893078          147.09      0.14036942       69.655622       102.45645       12.112284       2.9957323        2.9957323       12.112284                       12.112284
              2       9.1682541       68.892829      0.30417617          147.09      0.14436876       68.892829       101.33446       12.345044       2.9957323        2.9957323       12.345044                       12.345044
              6       8.3062735       68.812972      0.30198719          147.09      0.14299773       68.812972         101.217       10.621082       2.9957323        2.9957323       10.621082                       10.621082
             18        8.355476       68.725301      0.30288728          147.09      0.14305872       68.725301       101.08805       10.719487       2.9957323        2.9957323       10.719487                       10.719487
              3       8.1523633       69.046521      0.29645758          147.09      0.14133384       69.046521       101.56053       10.313262       2.9957323        2.9957323       10.313262                       10.313262
              1       8.1713871       69.023578      0.29653667          147.09      0.14127761       69.023578       101.52678        10.35131       2.9957323        2.9957323        10.35131                        10.35131
              5       8.2787551       69.177564      0.29346938          147.09      0.14044081       69.177564       101.75328       10.566046       2.9957323        2.9957323       10.566046                       10.566046
              1       9.2485323       68.319718      0.31021614          147.09      0.14479598       68.319718       100.49147         12.5056       2.9957323        2.9957323         12.5056                         12.5056
              3       9.2536039       68.315509        0.310225          147.09      0.14478228       68.315509       100.48528       12.515743       2.9957323        2.9957323       12.515743                       12.515743
             10       8.2320593       68.836844       0.2998368          147.09        0.142078       68.836844       101.25211       10.472654       2.9957323        2.9957323       10.472654                       10.472654
              2       9.0909925       68.732877      0.30622342          147.09      0.14466632       68.732877       101.09919        12.19052       2.9957323        2.9957323        12.19052                        12.19052
              5        9.358617        69.81515      0.28455699          147.09      0.13869749        69.81515        102.6911       12.725769       2.9957323        2.9957323       12.725769                       12.725769
              2       8.4049958        68.67435      0.30325955          147.09      0.14302225        68.67435        101.0131       10.818527       2.9957323        2.9957323       10.818527                       10.818527
             12       8.1634461       68.980883      0.29741999          147.09       0.1415232       68.980883       101.46398       10.335428       2.9957323        2.9957323       10.335428                       10.335428
              4       9.4367124       69.647442      0.28428526          147.09      0.13790013       69.647442       102.44442        12.88196       2.9957323        2.9957323        12.88196                        12.88196
              1       11.167747       70.232911      0.28073178          147.09      0.13847549       70.232911       103.30559        16.34403       2.9957323        2.9957323        16.34403                        16.34403
              1       12.107323       69.785939       0.2932695          147.09      0.14282451       69.785939       102.64814       18.223182       2.9957323        2.9957323       18.223182                       18.223182
              1        10.78417       67.890538      0.31547048          147.09      0.14540429       67.890538       99.860192       15.576876       2.9957323        2.9957323       15.576876                       15.576876
              2       8.8818992       69.641026      0.28713581          147.09       0.1392572       69.641026       102.43498       11.772334       2.9957323        2.9957323       11.772334                       11.772334
              5        8.625653       68.979441      0.30134967          147.09      0.14338709       68.979441       101.46186       11.259841       2.9957323        2.9957323       11.259841                       11.259841
             15       8.5096595       69.143752      0.29823897          147.09      0.14258383       69.143752       101.70354       11.027854       2.9957323        2.9957323       11.027854                       11.027854
              1       9.0515912       68.661335      0.30700641          147.09      0.14473445       68.661335       100.99396       12.111718       2.9957323        2.9957323       12.111718                       12.111718
              4       8.8255901       68.460516      0.30582818          147.09      0.14333685       68.460516       100.69857       11.659716       2.9957323        2.9957323       11.659716                       11.659716
              6       8.3271753       69.083525      0.29443979          147.09      0.14052237       69.083525       101.61496       10.662886       2.9957323        2.9957323       10.662886                       10.662886
              3       9.0130179       68.405773      0.30610822          147.09      0.14323875       68.405773       100.61805       12.034571       2.9957323        2.9957323       12.034571                       12.034571
              1       8.4960257       68.663111      0.30451378          147.09      0.14356676       68.663111       100.99657       11.000587       2.9957323        2.9957323       11.000587                       11.000587
              7       8.5072781       68.657665      0.30462856          147.09      0.14359809       68.657665       100.98856       11.023092       2.9957323        2.9957323       11.023092                       11.023092
             16       8.7740627       69.565354      0.29021599          147.09      0.14044534       69.565354       102.32368       11.556661       2.9957323        2.9957323       11.556661                       11.556661
              5       8.6753212       69.557112      0.28907837          147.09      0.13986166       69.557112       102.31156       11.359178       2.9957323        2.9957323       11.359178                       11.359178
              3       9.0074003        69.01287      0.29324594          147.09      0.13966648        69.01287       101.51103       12.023336       2.9957323        2.9957323       12.023336                       12.023336
              3       8.1381364       69.057133      0.29687376          147.09      0.14157576       69.057133       101.57614       10.284808       2.9957323        2.9957323       10.284808                       10.284808
              1       8.8956729       69.566616      0.28686124          147.09       0.1388269       69.566616       102.32554       11.799881       2.9957323        2.9957323       11.799881                       11.799881
              3       8.6898099       69.548969      0.28835902          147.09      0.13948096       69.548969       102.29958       11.388155       2.9957323        2.9957323       11.388155                       11.388155
              1       12.105804       70.274423      0.27407151          147.09      0.13535007       70.274423       103.36665       18.220143       2.9957323        2.9957323       18.220143                       18.220143
              6       8.9612833       69.652717      0.28877089          147.09      0.14009723       69.652717       102.45218       11.931102       2.9957323        2.9957323       11.931102                       11.931102
              1       11.378795       70.204951       0.2824928          147.09      0.13923322       70.204951       103.26446       16.766125       2.9957323        2.9957323       16.766125                       16.766125
              2       11.987359       69.867423      0.29147801          147.09      0.14228373       69.867423       102.76799       17.983254       2.9957323        2.9957323       17.983254                       17.983254
              2       9.0453414       68.501348      0.30860514          147.09      0.14481095       68.501348       100.75863       12.099218       2.9957323        2.9957323       12.099218                       12.099218
              3       8.9962148       69.145298      0.29972837          147.09       0.1433023       69.145298       101.70582       12.000965       2.9957323        2.9957323       12.000965                       12.000965
              2       9.6797576       69.881333      0.28254341          147.09      0.13797727       69.881333       102.78845       13.368051       2.9957323        2.9957323       13.368051                       13.368051
              1       8.5716744       69.311342      0.29531921          147.09      0.14187318       69.311342       101.95005       11.151884       2.9957323        2.9957323       11.151884                       11.151884
              7       8.3824829       68.773468      0.29988302          147.09      0.14183837       68.773468       101.15889       10.773501       2.9957323        2.9957323       10.773501                       10.773501
              6       8.4037355       68.686195      0.30346228          147.09      0.14316723       68.686195       101.03052       10.816007       2.9957323        2.9957323       10.816007                       10.816007
              3       8.5700578       68.796587      0.30368606          147.09      0.14373371       68.796587        101.1929       11.148651       2.9957323        2.9957323       11.148651                       11.148651
              2       8.6443825       68.757554      0.30446061          147.09      0.14393683       68.757554       101.13549         11.2973       2.9957323        2.9957323         11.2973                         11.2973
              3        10.03819       68.929569      0.29254914          147.09      0.13899844       68.929569        101.3885       14.084916       2.9957323        2.9957323       14.084916                       14.084916
              1        8.713349       69.341135       0.2895172          147.09      0.13920546       69.341135       101.99388       11.435233       2.9957323        2.9957323       11.435233                       11.435233
              1       9.4448119       68.327566      0.31136099          147.09      0.14536375       68.327566       100.50302       12.898159       2.9957323        2.9957323       12.898159                       12.898159
              2       8.4039993       68.674354      0.30281679          147.09      0.14281345       68.674354       101.01311       10.816534       2.9957323        2.9957323       10.816534                       10.816534
              4       8.3205841       69.147923      0.29727239          147.09      0.14213887       69.147923       101.70968       10.649704       2.9957323        2.9957323       10.649704                       10.649704
              6       8.4201403       69.161948      0.29753151          147.09      0.14232048       69.161948       101.73031       10.848816       2.9957323        2.9957323       10.848816                       10.848816
             14       8.2685428       69.101194      0.29779124          147.09      0.14219457       69.101194       101.64095       10.545621       2.9957323        2.9957323       10.545621                       10.545621
              6       8.5300381       68.636725      0.30237379          147.09       0.1424483       68.636725       100.95776       11.068612       2.9957323        2.9957323       11.068612                       11.068612
              3       8.9341339       68.446791      0.30525888          147.09      0.14301266       68.446791       100.67838       11.876803       2.9957323        2.9957323       11.876803                       11.876803
              4       8.5747751       69.209621      0.29161265          147.09      0.13968163       69.209621       101.80043       11.158086       2.9957323        2.9957323       11.158086                       11.158086
              4       9.8707284       69.249756      0.29979304          147.09      0.14376661       69.249756       101.85947       13.749992       2.9957323        2.9957323       13.749992                       13.749992
              1        9.885781        68.84592      0.30637373          147.09      0.14521382        68.84592       101.26546       13.780097       2.9957323        2.9957323       13.780097                       13.780097
              3       8.9932721       68.738987      0.29810704          147.09      0.14085702       68.738987       101.10818        11.99508       2.9957323        2.9957323        11.99508                        11.99508
              1       8.2247555       69.228826      0.29357867          147.09      0.14070141       69.228826       101.82868       10.458047       2.9957323        2.9957323       10.458047                       10.458047
              1       10.209984       68.655652      0.29706819          147.09      0.14002602       68.655652        100.9856       14.428504       2.9957323        2.9957323       14.428504                       14.428504
              2       10.549762       68.837864      0.29327694          147.09      0.13897372       68.837864       101.25361       15.108059       2.9957323        2.9957323       15.108059                       15.108059
              9       12.914822       68.677335      0.29308005          147.09      0.13823344       68.677335       101.01749       19.838178       2.9957323        2.9957323       19.838178                       19.838178
              5       9.5908666       68.348728       0.3049889          147.09      0.14247704       68.348728       100.53414       13.190269       2.9957323        2.9957323       13.190269                       13.190269
              3       9.6230408       69.038125      0.30288978          147.09      0.14436523       69.038125       101.54818       13.254617       2.9957323        2.9957323       13.254617                       13.254617
              2       9.6994647       69.920997      0.28321818          147.09      0.13846383       69.920997        102.8468       13.407465       2.9957323        2.9957323       13.407465                       13.407465
              4       10.082532       69.835411      0.28112341          147.09      0.13710346       69.835411       102.72091         14.1736       2.9957323        2.9957323         14.1736                         14.1736
              1       10.368054       68.622458      0.31044161          147.09      0.14618825       68.622458       100.93677       14.744643       2.9957323        2.9957323       14.744643                       14.744643
              1       12.728252       67.527601      0.32143868          147.09       0.1465753       67.527601       99.326349        19.46504       2.9957323        2.9957323        19.46504                        19.46504
              5       11.717742       68.909275      0.30817028          147.09      0.14633429       68.909275       101.35865       17.444019       2.9957323        2.9957323       17.444019                       17.444019
              2       9.8744147        68.46943      0.31139929          147.09      0.14598595        68.46943       100.71169       13.757365       2.9957323        2.9957323       13.757365                       13.757365
              1       11.732916       68.114202      0.31904481          147.09      0.14802226       68.114202       100.18918       17.474367       2.9957323        2.9957323       17.474367                       17.474367
              1       12.287562       67.958033      0.32161564          147.09      0.14853157       67.958033       99.959471        18.58366       2.9957323        2.9957323        18.58366                        18.58366
              4       11.108184       67.852339      0.31479366          147.09      0.14492911       67.852339       99.804005       16.224904       2.9957323        2.9957323       16.224904                       16.224904
              8       11.807667       68.980383      0.28927635          147.09      0.13764617       68.980383       101.46325        17.62387       2.9957323        2.9957323        17.62387                        17.62387
              2       11.106618       68.977435      0.29019796          147.09      0.13807289       68.977435       101.45891       16.221771       2.9957323        2.9957323       16.221771                       16.221771
              1       8.2768069       69.297703      0.29339051          147.09      0.14089116       69.297703       101.92999       10.562149       2.9957323        2.9957323       10.562149                       10.562149
              1       8.9185117       69.459384      0.29355137          147.09      0.14162697       69.459384       102.16781       11.845559       2.9957323        2.9957323       11.845559                       11.845559
              2       9.8438734       68.584811      0.30993071          147.09      0.14578757       68.584811        100.8814       13.696282       2.9957323        2.9957323       13.696282                       13.696282
              2       10.985928       70.034472      0.27769115          147.09      0.13620271       70.034472        103.0137       15.980391       2.9957323        2.9957323       15.980391                       15.980391
              3       9.3547795       68.565445      0.30899495          147.09      0.14526533       68.565445       100.85291       12.718095       2.9957323        2.9957323       12.718095                       12.718095
              1       9.9755038       68.133054      0.30982124          147.09      0.14382252       68.133054       100.21691       13.959543       2.9957323        2.9957323       13.959543                       13.959543
              2       10.470128       69.459976      0.28417749          147.09      0.13710678       69.459976       102.16868       14.948791       2.9957323        2.9957323       14.948791                       14.948791
              2       10.561107       69.614436      0.28219381          147.09      0.13675591       69.614436       102.39587       15.130749       2.9957323        2.9957323       15.130749                       15.130749
             13       8.7278256       69.166193      0.29168955          147.09      0.13954318       69.166193       101.73655       11.464187       2.9957323        2.9957323       11.464187                       11.464187
              4       8.2466607       68.847874      0.29930489          147.09      0.14187141       68.847874       101.26834       10.501857       2.9957323        2.9957323       10.501857                       10.501857
              2       8.4978761       69.460288      0.29021834          147.09      0.14002256       69.460288       102.16914       11.004288       2.9957323        2.9957323       11.004288                       11.004288
              3       8.4930258       69.458059      0.29029172          147.09      0.14004897       69.458059       102.16586       10.994587       2.9957323        2.9957323       10.994587                       10.994587
             11       8.1669055       69.156083      0.29548678          147.09      0.14131844       69.156083       101.72168       10.342346       2.9957323        2.9957323       10.342346                       10.342346
              3       9.9228591       69.093404      0.30254428          147.09      0.14443157       69.093404       101.62949       13.854254       2.9957323        2.9957323       13.854254                       13.854254
              1       9.7478437       68.492911      0.31083129          147.09      0.14581963       68.492911       100.74622       13.504223       2.9957323        2.9957323       13.504223                       13.504223
              4       9.8899851       68.487776      0.31122237          147.09       0.1459812       68.487776       100.73867       13.788506       2.9957323        2.9957323       13.788506                       13.788506
              4       9.8185395       68.504893      0.31085803          147.09       0.1458832       68.504893       100.76385       13.645614       2.9957323        2.9957323       13.645614                       13.645614
              2       9.5881251       69.043294       0.3027378          147.09       0.1443144       69.043294       101.55578       13.184786       2.9957323        2.9957323       13.184786                       13.184786
              1       8.6869781        68.91723      0.30248404          147.09      0.14366735        68.91723       101.37035       11.382492       2.9957323        2.9957323       11.382492                       11.382492
              1       8.5120763       69.202953      0.29717956          147.09      0.14232074       69.202953       101.79062       11.032688       2.9957323        2.9957323       11.032688                       11.032688
              3       8.7957071        69.43682      0.29358294          147.09      0.14155019        69.43682       102.13462        11.59995       2.9957323        2.9957323        11.59995                        11.59995
              6       8.5681985       69.300742      0.29551998          147.09      0.14192622       69.300742       101.93446       11.144932       2.9957323        2.9957323       11.144932                       11.144932
             10       8.6231626       69.282531      0.29610453          147.09      0.14213222       69.282531       101.90767       11.254861       2.9957323        2.9957323       11.254861                       11.254861
              3       8.1585663       68.956098      0.29805889          147.09      0.14172532       68.956098       101.42752       10.325668       2.9957323        2.9957323       10.325668                       10.325668
              2        9.707478       68.484915      0.30148567          147.09      0.14140231       68.484915       100.73446       13.423491       2.9957323        2.9957323       13.423491                       13.423491
              4       9.6025167       68.480414      0.30184374          147.09      0.14155165       68.480414       100.72784       13.213569       2.9957323        2.9957323       13.213569                       13.213569
              3       9.0776165       69.574247      0.28603434          147.09      0.13845709       69.574247       102.33676       12.163768       2.9957323        2.9957323       12.163768                       12.163768
              6       9.3245854       68.525263      0.30160706          147.09      0.14162598       68.525263       100.79381       12.657706       2.9957323        2.9957323       12.657706                       12.657706
              1       9.5566875       68.564758      0.30015739          147.09      0.14110777       68.564758        100.8519       13.121911       2.9957323        2.9957323       13.121911                       13.121911
              1       9.1018411       69.377376      0.28791167          147.09      0.13857823       69.377376       102.04718       12.212218       2.9957323        2.9957323       12.212218                       12.212218
              1       8.8874642       69.252162      0.29754617          147.09      0.14269903       69.252162       101.86301       11.783464       2.9957323        2.9957323       11.783464                       11.783464
              3       13.890256       67.666541      0.32705061          147.09      0.14974865       67.666541       99.530715       21.789048       2.9957323        2.9957323       21.789048                       21.789048
              1       13.211751          67.678       0.3256478          147.09      0.14915684          67.678        99.54757       20.432037       2.9957323        2.9957323       20.432037                       20.432037
              1       10.668527       67.963141      0.31257432          147.09      0.14437772       67.963141       99.966985        15.34559       2.9957323        2.9957323        15.34559                        15.34559
              3       8.5483589       69.477593      0.29099499          147.09      0.14046723       69.477593       102.19459       11.105253       2.9957323        2.9957323       11.105253                       11.105253
             14       8.3770917       68.804211      0.30260788          147.09      0.14325516       68.804211       101.20411       10.762719       2.9957323        2.9957323       10.762719                       10.762719
             10       8.4126191       68.820931      0.30264156          147.09      0.14334074       68.820931       101.22871       10.833774       2.9957323        2.9957323       10.833774                       10.833774
              1        9.221203       69.366847      0.29629483          147.09      0.14256994       69.366847        102.0317       12.450942       2.9957323        2.9957323       12.450942                       12.450942
              1       13.931041       68.744355      0.31327292          147.09      0.14804609       68.744355       101.11607       21.870618       2.9957323        2.9957323       21.870618                       21.870618
              1       14.033249        68.50216      0.31703411          147.09      0.14876971        68.50216       100.75983       22.075033       2.9957323        2.9957323       22.075033                       22.075033
              2         9.10284       68.557776      0.30831371          147.09      0.14491264       68.557776       100.84163       12.214216       2.9957323        2.9957323       12.214216                       12.214216
              1       12.252381       67.618759      0.31929564          147.09      0.14599144       67.618759       99.460433       18.513296       2.9957323        2.9957323       18.513296                       18.513296
              2       9.2449844         68.2983      0.30977872          147.09      0.14450117         68.2983       100.45997       12.498504       2.9957323        2.9957323       12.498504                       12.498504
              2       11.055053       67.950021       0.3114861          147.09      0.14381953       67.950021       99.947686       16.118641       2.9957323        2.9957323       16.118641                       16.118641
              1       11.538751       67.875432      0.31229645          147.09      0.14387729       67.875432       99.837973       17.086037       2.9957323        2.9957323       17.086037                       17.086037
              2       12.101182       68.327678      0.30058169          147.09      0.14033172       68.327678       100.50318         18.2109       2.9957323        2.9957323         18.2109                         18.2109
              5       12.081101         68.5112      0.29704256          147.09      0.13942538         68.5112       100.77312       18.170738       2.9957323        2.9957323       18.170738                       18.170738
              1       12.340603       68.571136      0.29561857          147.09      0.13899987       68.571136       100.86128       18.689741       2.9957323        2.9957323       18.689741                       18.689741
              6       9.0351072       69.492864      0.28686631          147.09      0.13853515       69.492864       102.21705        12.07875       2.9957323        2.9957323        12.07875                        12.07875
              9       9.3899731       69.409265      0.28682705          147.09      0.13818312       69.409265       102.09409       12.788482       2.9957323        2.9957323       12.788482                       12.788482
              1        9.879512       69.905149      0.28155732          147.09      0.13758946       69.905149       102.82348       13.767559       2.9957323        2.9957323       13.767559                       13.767559
              1       9.4080074       69.170586       0.3002533          147.09      0.14365829       69.170586       101.74301        12.82455       2.9957323        2.9957323        12.82455                        12.82455
              6       9.2165518       68.307103      0.30856074          147.09      0.14397013       68.307103       100.47292       12.441639       2.9957323        2.9957323       12.441639                       12.441639
              1       8.1413983       69.009205        0.297396          147.09      0.14162802       69.009205       101.50564       10.291332       2.9957323        2.9957323       10.291332                       10.291332
              1       8.7799553       69.010407      0.30135569          147.09      0.14351873       69.010407       101.50741       11.568446       2.9957323        2.9957323       11.568446                       11.568446
              4       9.1594938       69.132108      0.30035353          147.09      0.14354641       69.132108       101.68642       12.327523       2.9957323        2.9957323       12.327523                       12.327523
              5       9.0165859       69.421527      0.29466204          147.09       0.1420079       69.421527       102.11212       12.041707       2.9957323        2.9957323       12.041707                       12.041707
              1        8.864591       69.292309      0.29673295          147.09      0.14247407       69.292309       101.92206       11.737718       2.9957323        2.9957323       11.737718                       11.737718
              2       8.5543623       69.243546      0.29658713          147.09       0.1422037       69.243546       101.85033        11.11726       2.9957323        2.9957323        11.11726                        11.11726
              3       9.1955174       69.107277      0.29134313          147.09      0.13914011       69.107277       101.64989        12.39957       2.9957323        2.9957323        12.39957                        12.39957
              1       8.2819061       69.301944      0.29264782          147.09      0.14055171       69.301944       101.93623       10.572348       2.9957323        2.9957323       10.572348                       10.572348
              6       9.1982839       68.592873      0.30049959          147.09      0.14138452       68.592873       100.89326       12.405103       2.9957323        2.9957323       12.405103                       12.405103
              6       9.7451237       69.902815      0.28227376          147.09      0.13793035       69.902815       102.82005       13.498783       2.9957323        2.9957323       13.498783                       13.498783
              5       10.302458       70.039592      0.27995317          147.09      0.13733227       70.039592       103.02124       14.613452       2.9957323        2.9957323       14.613452                       14.613452
              4       10.202301       70.053331      0.28122865          147.09      0.13801209       70.053331       103.04144       14.413137       2.9957323        2.9957323       14.413137                       14.413137
              3        8.440525        69.30095      0.29114495          147.09       0.1398259        69.30095       101.93477       10.889585       2.9957323        2.9957323       10.889585                       10.889585
              2       8.8226561       68.755134      0.30513591          147.09      0.14424594       68.755134       101.13193       11.653848       2.9957323        2.9957323       11.653848                       11.653848
              1       8.4939912       69.442856      0.29001574          147.09      0.13985459       69.442856        102.1435       10.996518       2.9957323        2.9957323       10.996518                       10.996518
              5       8.5882347       69.511759      0.28948946          147.09      0.13987797       69.511759       102.24485       11.185005       2.9957323        2.9957323       11.185005                       11.185005
              8       9.6423929       69.835116      0.28262479          147.09      0.13783451       69.835116       102.72047       13.293321       2.9957323        2.9957323       13.293321                       13.293321
              4       10.592924       69.990034      0.27890663          147.09      0.13662534       69.990034       102.94834       15.194383       2.9957323        2.9957323       15.194383                       15.194383
              2       8.2554403       68.796814      0.30085446          147.09      0.14239446       68.796814       101.19323       10.519416       2.9957323        2.9957323       10.519416                       10.519416
              8       9.2324673       68.806552      0.30558095          147.09      0.14467246       68.806552       101.20756        12.47347       2.9957323        2.9957323        12.47347                        12.47347
              6       8.1908781       69.201811      0.29462104          147.09      0.14109079       69.201811       101.78894       10.390292       2.9957323        2.9957323       10.390292                       10.390292
              3       8.5032319        69.35516      0.29030339          147.09      0.13963994        69.35516        102.0145       11.014999       2.9957323        2.9957323       11.014999                       11.014999
              1       9.6456447       69.494857      0.28526596          147.09       0.1377702       69.494857       102.21998       13.299825       2.9957323        2.9957323       13.299825                       13.299825
              3       8.7228899       68.510846      0.30487398          147.09       0.1430998       68.510846        100.7726       11.454315       2.9957323        2.9957323       11.454315                       11.454315
              3       10.119306       68.048657      0.31262689          147.09      0.14476562       68.048657       100.09277       14.247147       2.9957323        2.9957323       14.247147                       14.247147
              5       9.5513088       68.228797      0.31194554          147.09      0.14521591       68.228797       100.35774       13.111153       2.9957323        2.9957323       13.111153                       13.111153
              4       8.3920017       69.068898      0.29433918          147.09      0.14041488       69.068898       101.59344       10.792539       2.9957323        2.9957323       10.792539                       10.792539
              2        8.366294       69.147071      0.29753831          147.09      0.14226251       69.147071       101.70843       10.741124       2.9957323        2.9957323       10.741124                       10.741124
              2       8.3307415       69.299849       0.2919338          147.09       0.1402003       69.299849       101.93315       10.670018       2.9957323        2.9957323       10.670018                       10.670018
              1       8.2548737       69.279161      0.29354072          147.09      0.14088787       69.279161       101.90272       10.518283       2.9957323        2.9957323       10.518283                       10.518283
             11       8.1737164       69.172305      0.29492845          147.09      0.14111759       69.172305       101.74554       10.355968       2.9957323        2.9957323       10.355968                       10.355968
              8       10.471944       68.519113      0.29924014          147.09      0.14048932       68.519113       100.78476       14.952423       2.9957323        2.9957323       14.952423                       14.952423
              2        11.34233        69.70373      0.27998352          147.09      0.13603307        69.70373       102.52722       16.693195       2.9957323        2.9957323       16.693195                       16.693195
              1       9.8981758       69.817759      0.28175431          147.09      0.13734169       69.817759       102.69494       13.804887       2.9957323        2.9957323       13.804887                       13.804887
              4       9.7971304       69.868488      0.28192197          147.09      0.13762319       69.868488       102.76956       13.602796       2.9957323        2.9957323       13.602796                       13.602796
              2       8.4680617       68.957949       0.2958136          147.09      0.14066525       68.957949       101.43025       10.944659       2.9957323        2.9957323       10.944659                       10.944659
              2       8.2354631       68.817124       0.3006425          147.09      0.14237817       68.817124       101.22311       10.479462       2.9957323        2.9957323       10.479462                       10.479462
             13       8.1943474       68.870039      0.29991687          147.09      0.14225304       68.870039       101.30094        10.39723       2.9957323        2.9957323        10.39723                        10.39723
              2       8.1629479       68.927791      0.29876784          147.09       0.1419458       68.927791       101.38589       10.334431       2.9957323        2.9957323       10.334431                       10.334431
              3       8.1969514       69.079202      0.29540435          147.09      0.14096507       69.079202        101.6086       10.402438       2.9957323        2.9957323       10.402438                       10.402438
              1       8.4389611       68.821571      0.29849262          147.09       0.1413783       68.821571       101.22965       10.886458       2.9957323        2.9957323       10.886458                       10.886458
              6       8.5444962       68.871546      0.29705391          147.09      0.14090128       68.871546       101.30316       11.097528       2.9957323        2.9957323       11.097528                       11.097528
              4       8.7618647       69.185904      0.29131141          147.09      0.13944172       69.185904       101.76555       11.532265       2.9957323        2.9957323       11.532265                       11.532265
              3       8.7997652       68.466282       0.3068661          147.09      0.14384753       68.466282       100.70705       11.608066       2.9957323        2.9957323       11.608066                       11.608066
             13       8.3434791       69.345546      0.29170678          147.09       0.1402761       69.345546       102.00036       10.695494       2.9957323        2.9957323       10.695494                       10.695494
              3       8.5547651       68.600588      0.30333924          147.09      0.14275268       68.600588       100.90461       11.118066       2.9957323        2.9957323       11.118066                       11.118066
              7       8.1479136        69.09886      0.29593006          147.09      0.14129632        69.09886       101.63751       10.304363       2.9957323        2.9957323       10.304363                       10.304363
              4       8.4016888       68.696691      0.30181973          147.09      0.14243584       68.696691       101.04596       10.811913       2.9957323        2.9957323       10.811913                       10.811913
             11       8.3405733       69.294882      0.29187552          147.09      0.14015222       69.294882       101.92584       10.689682       2.9957323        2.9957323       10.689682                       10.689682
              3       8.3389035       68.912269      0.29724504          147.09      0.14115872       68.912269       101.36306       10.686342       2.9957323        2.9957323       10.686342                       10.686342
              4       8.5121055       69.467599      0.29078936          147.09       0.1403276       69.467599       102.17989       11.032746       2.9957323        2.9957323       11.032746                       11.032746
              3       9.5784114       69.143122      0.30106907          147.09      0.14393424       69.143122       101.70262       13.165358       2.9957323        2.9957323       13.165358                       13.165358
              1       9.1667251       68.500887      0.30266697          147.09      0.14202259       68.500887       100.75796       12.341986       2.9957323        2.9957323       12.341986                       12.341986
              3       9.6119462       69.162199      0.28967778          147.09      0.13856475       69.162199       101.73068       13.232428       2.9957323        2.9957323       13.232428                       13.232428
              1       9.8446598       69.677877      0.28294661          147.09      0.13737076       69.677877       102.48919       13.697855       2.9957323        2.9957323       13.697855                       13.697855
              6       8.7513076       69.261279      0.29696156          147.09      0.14245617       69.261279       101.87642       11.511151       2.9957323        2.9957323       11.511151                       11.511151
              4       9.3942435       69.806913      0.28647195          147.09      0.13959793       69.806913       102.67899       12.797023       2.9957323        2.9957323       12.797023                       12.797023
              3       8.9004105       68.571409      0.30742654          147.09      0.14455313       68.571409       100.86169       11.809357       2.9957323        2.9957323       11.809357                       11.809357
              2       8.2780872       69.074005      0.29486378          147.09      0.14068594       69.074005       101.60095        10.56471       2.9957323        2.9957323        10.56471                        10.56471
              5       8.3894374       68.804008      0.29914138          147.09      0.14161327       68.804008       101.20382        10.78741       2.9957323        2.9957323        10.78741                        10.78741
              5       8.4135752       69.245122      0.29187699          147.09      0.13995171       69.245122       101.85265       10.835686       2.9957323        2.9957323       10.835686                       10.835686
              1       8.2538095       69.032409       0.2988412          147.09      0.14241198       69.032409       101.53977       10.516154       2.9957323        2.9957323       10.516154                       10.516154
              1       8.3673029       68.710075      0.30299977          147.09      0.14304845       68.710075       101.06565       10.743141       2.9957323        2.9957323       10.743141                       10.743141
              1       8.7974158       69.039588      0.30094208          147.09      0.14344298       69.039588       101.55033       11.603367       2.9957323        2.9957323       11.603367                       11.603367
              2       9.1602607       68.874242      0.30443161          147.09      0.14441204       68.874242       101.30712       12.329057       2.9957323        2.9957323       12.329057                       12.329057
              1       8.1481825       69.003598       0.2972817          147.09      0.14155058       69.003598       101.49739         10.3049       2.9957323        2.9957323         10.3049                         10.3049
              1       10.039626       68.225055      0.31414086          147.09      0.14622183       68.225055       100.35223       14.087788       2.9957323        2.9957323       14.087788                       14.087788
              4       11.509079       67.746218      0.31761405          147.09      0.14577056       67.746218       99.647912       17.026693       2.9957323        2.9957323       17.026693                       17.026693
              1       12.291891       67.722118      0.31492727          147.09      0.14443463       67.722118       99.612463       18.592318       2.9957323        2.9957323       18.592318                       18.592318
              5       8.7227201       69.508138      0.29153265          147.09      0.14085054       69.508138       102.23952       11.453976       2.9957323        2.9957323       11.453976                       11.453976
              3        8.637521        69.44187      0.29273832          147.09      0.14116349        69.44187       102.14205       11.283577       2.9957323        2.9957323       11.283577                       11.283577
              1       9.3383058       68.508247      0.30956821          147.09      0.14529212       68.508247       100.76878       12.685147       2.9957323        2.9957323       12.685147                       12.685147
              2       9.0319641       68.376196      0.30857409          147.09      0.14426778       68.376196       100.57455       12.072464       2.9957323        2.9957323       12.072464                       12.072464
              6       8.4209538        68.79182      0.30300735          147.09      0.14339261        68.79182       101.18589       10.850443       2.9957323        2.9957323       10.850443                       10.850443
              1       8.3926743       68.787637       0.3028738          147.09      0.14331197       68.787637       101.17974       10.793884       2.9957323        2.9957323       10.793884                       10.793884
              8         8.61015       68.715112      0.29993416          147.09      0.14162191       68.715112       101.07306       11.228835       2.9957323        2.9957323       11.228835                       11.228835
              1        8.899704        68.89603      0.29547402          147.09      0.14025156        68.89603       101.33917       11.807943       2.9957323        2.9957323       11.807943                       11.807943
              1       8.4930766       69.432681      0.28999093          147.09      0.13980165       69.432681       102.12853       10.994689       2.9957323        2.9957323       10.994689                       10.994689
              8       8.2176871       69.046157      0.29571431          147.09      0.14097801       69.046157       101.55999        10.44391       2.9957323        2.9957323        10.44391                        10.44391
              1        9.919523        68.65316      0.29764297          147.09      0.14028676        68.65316       100.98193       13.847581       2.9957323        2.9957323       13.847581                       13.847581
              3       10.048226        68.76724      0.29531258          147.09      0.13965135        68.76724       101.14973       14.104988       2.9957323        2.9957323       14.104988                       14.104988
              1       9.1827855       68.927125       0.2942397          147.09      0.13979177       68.927125       101.38491       12.374106       2.9957323        2.9957323       12.374106                       12.374106
              1       9.4937974       68.236249      0.30896572          147.09      0.14386018       68.236249        100.3687        12.99613       2.9957323        2.9957323        12.99613                        12.99613
             11       8.6143753       68.565362      0.30397428          147.09      0.14290466       68.565362       100.85279       11.237286       2.9957323        2.9957323       11.237286                       11.237286
              5       8.5085025       69.456793      0.28992117          147.09      0.13986511       69.456793         102.164        11.02554       2.9957323        2.9957323        11.02554                        11.02554
              1        9.621271       68.922515      0.29340765          147.09      0.13937782       68.922515       101.37813       13.251077       2.9957323        2.9957323       13.251077                       13.251077
              2       9.6670958       68.941154      0.29301233          147.09      0.13926533       68.941154       101.40554       13.342727       2.9957323        2.9957323       13.342727                       13.342727
              1       9.1455601       68.915029      0.29453004          147.09       0.1398806       68.915029       101.36712       12.299656       2.9957323        2.9957323       12.299656                       12.299656
              2       9.5791363       68.227312      0.30868104          147.09      0.14368998       68.227312       100.35555       13.166808       2.9957323        2.9957323       13.166808                       13.166808
              1       9.6540757       68.812793      0.29522707          147.09      0.13979594       68.812793       101.21674       13.316687       2.9957323        2.9957323       13.316687                       13.316687
              2       9.8569167       69.917988       0.2854212          147.09      0.13952887       69.917988       102.84237       13.722369       2.9957323        2.9957323       13.722369                       13.722369
              2       10.695052       70.097706      0.28337083          147.09      0.13923959       70.097706       103.10672        15.39864       2.9957323        2.9957323        15.39864                        15.39864
              4       8.9007924       69.347346      0.29578674          147.09      0.14224545       69.347346       102.00301        11.81012       2.9957323        2.9957323        11.81012                        11.81012
              1       9.4928525       68.253482      0.31167368          147.09      0.14519436       68.253482       100.39405        12.99424       2.9957323        2.9957323        12.99424                        12.99424
              3       9.4288563       68.272139      0.31131681          147.09      0.14510741       68.272139       100.42149       12.866248       2.9957323        2.9957323       12.866248                       12.866248
              3       9.4368121       69.202132      0.29977077          147.09      0.14355827       69.202132       101.78942        12.88216       2.9957323        2.9957323        12.88216                        12.88216
              3       8.8931326       68.938182      0.30279163          147.09       0.1439009       68.938182       101.40117       11.794801       2.9957323        2.9957323       11.794801                       11.794801
              5       8.8604409       68.437038      0.30678556          147.09      0.14368695       68.437038       100.66404       11.729417       2.9957323        2.9957323       11.729417                       11.729417
              3        9.573466       68.462505      0.31071676          147.09      0.14563651       68.462505        100.7015       13.155467       2.9957323        2.9957323       13.155467                       13.155467
              5       8.6782274        69.46901      0.28851774          147.09      0.13923703        69.46901       102.18197        11.36499       2.9957323        2.9957323        11.36499                        11.36499
              1        8.408659       68.726068       0.3034784          147.09      0.14334112       68.726068       101.08917       10.825853       2.9957323        2.9957323       10.825853                       10.825853
              3       8.5298092       68.596978      0.30401448          147.09      0.14305539       68.596978        100.8993       11.068154       2.9957323        2.9957323       11.068154                       11.068154
              1       8.3659556       68.733509      0.30107746          147.09      0.14223788       68.733509       101.10012       10.740447       2.9957323        2.9957323       10.740447                       10.740447
              6       9.0008549        69.29019      0.29716236          147.09      0.14267152        69.29019       101.91894       12.010245       2.9957323        2.9957323       12.010245                       12.010245
              3       8.9417546       69.477348      0.28732482          147.09      0.13869462       69.477348       102.19423       11.892045       2.9957323        2.9957323       11.892045                       11.892045
              1       8.5775534       69.436855      0.28929558          147.09      0.13948319       69.436855       102.13467       11.163642       2.9957323        2.9957323       11.163642                       11.163642
              2       8.3387223       69.085117      0.29435528          147.09      0.14048852       69.085117        101.6173        10.68598       2.9957323        2.9957323        10.68598                        10.68598
              2         9.13685       68.339918      0.30928205          147.09      0.14444537       68.339918       100.52119       12.282235       2.9957323        2.9957323       12.282235                       12.282235
              3       8.7819819       68.720807       0.3054166          147.09       0.1442345       68.720807       101.08144       11.572499       2.9957323        2.9957323       11.572499                       11.572499
              5       10.200654       68.973083       0.3049663          147.09      0.14508119       68.973083       101.45251       14.409844       2.9957323        2.9957323       14.409844                       14.409844
              1       8.7623692       68.569722      0.30678032          147.09      0.14424218       68.569722        100.8592       11.533274       2.9957323        2.9957323       11.533274                       11.533274
              2       9.2943494       68.580643      0.30865375          147.09      0.14516926       68.580643       100.87527       12.597234       2.9957323        2.9957323       12.597234                       12.597234
              4       8.1517726       68.959879      0.29861407          147.09      0.14200487       68.959879       101.43309       10.312081       2.9957323        2.9957323       10.312081                       10.312081
              3       8.8263102       68.474838      0.30739988          147.09      0.14413376       68.474838       100.71964       11.661156       2.9957323        2.9957323       11.661156                       11.661156
              2       12.201893       67.776595       0.3134759          147.09      0.14400039       67.776595       99.692593       18.412322       2.9957323        2.9957323       18.412322                       18.412322
              7       10.161148       68.814596       0.3073339          147.09      0.14553639       68.814596       101.21939       14.330832       2.9957323        2.9957323       14.330832                       14.330832
              8       9.2820261       69.573256       0.2922571          147.09      0.14146524       69.573256        102.3353       12.572588       2.9957323        2.9957323       12.572588                       12.572588
              1       8.9924718        69.41635      0.29469359          147.09      0.14200193        69.41635       102.10451       11.993479       2.9957323        2.9957323       11.993479                       11.993479
             11       8.4656694       69.443317       0.2906853          147.09      0.14017933       69.443317       102.14418       10.939874       2.9957323        2.9957323       10.939874                       10.939874
              1       8.4504029       69.433756      0.29083045          147.09      0.14021071       69.433756       102.13011       10.909341       2.9957323        2.9957323       10.909341                       10.909341
              3        11.56303       69.542886      0.28157922          147.09      0.13617771       69.542886       102.29063       17.134596       2.9957323        2.9957323       17.134596                       17.134596
              1       11.593322        69.55085      0.28144099          147.09      0.13614203        69.55085       102.30235       17.195179       2.9957323        2.9957323       17.195179                       17.195179
              5       10.392231        69.89893      0.28781745          147.09      0.14062359        69.89893       102.81434       14.792998       2.9957323        2.9957323       14.792998                       14.792998
              1       10.111536       69.784022      0.28979607          147.09      0.14112517       69.784022       102.64532       14.231608       2.9957323        2.9957323       14.231608                       14.231608
              1       9.3215139        69.57557      0.28523042          147.09       0.1380732        69.57557       102.33871       12.651563       2.9957323        2.9957323       12.651563                       12.651563
             11       9.6866788       69.588393      0.28417149          147.09      0.13761131       69.588393       102.35757       13.381893       2.9957323        2.9957323       13.381893                       13.381893
              2       9.6457984       69.476116       0.2854799          147.09      0.13779917       69.476116       102.19242       13.300132       2.9957323        2.9957323       13.300132                       13.300132
              8       9.5633141       68.989462      0.30354973          147.09      0.14447589       68.989462        101.4766       13.135164       2.9957323        2.9957323       13.135164                       13.135164
              9       10.697571       67.962189       0.3173306          147.09      0.14657054       67.962189       99.965584       15.403677       2.9957323        2.9957323       15.403677                       15.403677
              1       10.760122        68.27087      0.30393863          147.09      0.14166311        68.27087       100.41962       15.528779       2.9957323        2.9957323       15.528779                       15.528779
              1       9.5557408       69.734518      0.28331159          147.09      0.13777168       69.734518        102.5725       13.120017       2.9957323        2.9957323       13.120017                       13.120017
              1       10.235219       69.806893      0.28094574          147.09      0.13690492       69.806893       102.67896       14.478973       2.9957323        2.9957323       14.478973                       14.478973
              1       10.724917       69.992011      0.27855043          147.09      0.13645855       69.992011       102.95125       15.458369       2.9957323        2.9957323       15.458369                       15.458369
              3       10.200435        68.86087      0.29343079          147.09      0.13913958        68.86087       101.28745       14.409406       2.9957323        2.9957323       14.409406                       14.409406
              3       10.499365       70.094022      0.28255176          147.09      0.13882254       70.094022        103.1013       15.007266       2.9957323        2.9957323       15.007266                       15.007266
              2       9.3699588        69.82041      0.28546743          147.09      0.13916222        69.82041       102.69884       12.748453       2.9957323        2.9957323       12.748453                       12.748453
              2       10.007659        68.64583      0.29761639          147.09      0.14024428        68.64583       100.97115       14.023853       2.9957323        2.9957323       14.023853                       14.023853
              4       9.2193631       68.319887       0.3077722          147.09      0.14365597       68.319887       100.49172       12.447262       2.9957323        2.9957323       12.447262                       12.447262
              3       8.6270881       69.424697      0.29309594          147.09      0.14126604       69.424697       102.11679       11.262712       2.9957323        2.9957323       11.262712                       11.262712
              1       8.3056707       68.972894       0.2963368          147.09      0.14097513       68.972894       101.45223       10.619877       2.9957323        2.9957323       10.619877                       10.619877
              3       9.4477083       68.522768      0.30972765          147.09      0.14542858       68.522768       100.79014       12.903952       2.9957323        2.9957323       12.903952                       12.903952
              2       9.1478981       69.484387      0.28660524          147.09       0.1383753       69.484387       102.20458       12.304332       2.9957323        2.9957323       12.304332                       12.304332
              7       10.040875       68.187058      0.31436048          147.09      0.14616112       68.187058       100.29634       14.090286       2.9957323        2.9957323       14.090286                       14.090286
             10       8.3066412        68.79045      0.30214372          147.09      0.14297822        68.79045       101.18387       10.621818       2.9957323        2.9957323       10.621818                       10.621818
              2       8.2758932       68.823349      0.30160759          147.09      0.14286106       68.823349       101.23226       10.560322       2.9957323        2.9957323       10.560322                       10.560322
              3       8.2066794       69.224623      0.29420203          147.09      0.14098304       69.224623        101.8225       10.421894       2.9957323        2.9957323       10.421894                       10.421894
              3       10.327677       70.083618      0.28076218          147.09      0.13790234       70.083618       103.08599       14.663889       2.9957323        2.9957323       14.663889                       14.663889
              1       11.143382       68.672549      0.31097657          147.09      0.14665403       68.672549       101.01045       16.295299       2.9957323        2.9957323       16.295299                       16.295299
              2       10.097655       68.121914      0.31476711          147.09      0.14607067       68.121914       100.20052       14.203846       2.9957323        2.9957323       14.203846                       14.203846
              5       10.257104       68.254287      0.30543476          147.09       0.1422913       68.254287       100.39523       14.522743       2.9957323        2.9957323       14.522743                       14.522743
              7       9.7166393       68.149362      0.31188377          147.09      0.14484929       68.149362        100.2409       13.441814       2.9957323        2.9957323       13.441814                       13.441814
             12       9.4695534       68.221968      0.31032486          147.09      0.14443254       68.221968       100.34769       12.947642       2.9957323        2.9957323       12.947642                       12.947642
              3        10.25234       68.075937      0.31046188          147.09      0.14387838       68.075937        100.1329       14.513216       2.9957323        2.9957323       14.513216                       14.513216
              1       10.774825       69.110834      0.28857493          147.09      0.13783225       69.110834       101.65513       15.558186       2.9957323        2.9957323       15.558186                       15.558186
              7       9.3634038       69.454017      0.28636831          147.09      0.13814008       69.454017       102.15991       12.735343       2.9957323        2.9957323       12.735343                       12.735343
              4       8.8491936       68.862237      0.29621291          147.09      0.14046439       68.862237       101.28946       11.706923       2.9957323        2.9957323       11.706923                       11.706923
              5       8.8992707       68.875975      0.29582742          147.09      0.14033757       68.875975       101.30967       11.807077       2.9957323        2.9957323       11.807077                       11.807077
              2       8.3374726       68.942046      0.29670487          147.09        0.141024       68.942046       101.40686       10.683481       2.9957323        2.9957323       10.683481                       10.683481
              4        8.156773       69.080561      0.29706814          147.09       0.1417646       69.080561        101.6106       10.322081       2.9957323        2.9957323       10.322081                       10.322081
              9       8.2066673       69.133322      0.29669962          147.09       0.1418051       69.133322        101.6882        10.42187       2.9957323        2.9957323        10.42187                        10.42187
              3       9.2286562       68.352004      0.30646565          147.09      0.14318064       68.352004       100.53896       12.465848       2.9957323        2.9957323       12.465848                       12.465848
              1       8.8144833       68.594317       0.3068565          147.09      0.14438152       68.594317       100.89538       11.637502       2.9957323        2.9957323       11.637502                       11.637502
              4       8.8517885       69.547002      0.28717753          147.09      0.13890161       69.547002       102.29669       11.712112       2.9957323        2.9957323       11.712112                       11.712112
              2       9.8511928       69.903944      0.28168807          147.09       0.1376486       69.903944       102.82171       13.710921       2.9957323        2.9957323       13.710921                       13.710921
              2       8.2987329       68.786415      0.30206836          147.09      0.14292579       68.786415       101.17794       10.606001       2.9957323        2.9957323       10.606001                       10.606001
              7       10.115843       68.756056       0.2953955          147.09      0.13964513       68.756056       101.13328       14.240221       2.9957323        2.9957323       14.240221                       14.240221
              1       10.286405       69.227455      0.28758125          147.09      0.13782161       69.227455       101.82666       14.581346       2.9957323        2.9957323       14.581346                       14.581346
              3       13.830699       67.451708      0.32786893          147.09      0.14917161       67.451708       99.214717       21.669933       2.9957323        2.9957323       21.669933                       21.669933
              1       10.656586       68.824329      0.29334892          147.09      0.13895317       68.824329       101.23371       15.321708       2.9957323        2.9957323       15.321708                       15.321708
              2       8.2226984        68.83844      0.30001194          147.09      0.14216758        68.83844       101.25446       10.453932       2.9957323        2.9957323       10.453932                       10.453932
              2       8.8993241        68.69017      0.30618293          147.09       0.1444675        68.69017       101.03637       11.807184       2.9957323        2.9957323       11.807184                       11.807184
              2       9.0084846         68.4248      0.30876593          147.09      0.14456276         68.4248       100.64604       12.025505       2.9957323        2.9957323       12.025505                       12.025505
              3       8.9717212       69.117077      0.30014344          147.09      0.14338363       69.117077       101.66431       11.951978       2.9957323        2.9957323       11.951978                       11.951978
              1       9.3947939       68.704082      0.30737301          147.09      0.14508777       68.704082       101.05683       12.798123       2.9957323        2.9957323       12.798123                       12.798123
              1       11.864399       68.061965      0.31982309          147.09      0.14815584       68.061965       100.11234       17.737333       2.9957323        2.9957323       17.737333                       17.737333
              4       11.436913       67.825803      0.32020857          147.09      0.14730682       67.825803       99.764974       16.882362       2.9957323        2.9957323       16.882362                       16.882362
              1       11.281387       67.793918      0.31891858          147.09      0.14657547       67.793918       99.718073        16.57131       2.9957323        2.9957323        16.57131                        16.57131
             16       9.0206398       68.373569      0.30786001          147.09      0.14392286       68.373569       100.57068       12.049815       2.9957323        2.9957323       12.049815                       12.049815
              3       9.2025285       68.318479       0.3080461          147.09      0.14377789       68.318479       100.48965       12.413592       2.9957323        2.9957323       12.413592                       12.413592
              1       9.3438078       68.290544      0.30790853          147.09      0.14359617       68.290544       100.44856       12.696151       2.9957323        2.9957323       12.696151                       12.696151
              1       9.1830291       68.453442      0.30377736          147.09      0.14234623       68.453442       100.68817       12.374594       2.9957323        2.9957323       12.374594                       12.374594
              4       10.662936       69.906364      0.28829537          147.09      0.14088706       69.906364       102.82527       15.334408       2.9957323        2.9957323       15.334408                       15.334408
              2       10.994738       69.809217      0.29107689          147.09      0.14185128       69.809217       102.68238       15.998011       2.9957323        2.9957323       15.998011                       15.998011
              9       8.1705677        69.09503      0.29701449          147.09      0.14179838        69.09503       101.63188       10.349671       2.9957323        2.9957323       10.349671                       10.349671
              9       8.4822052       69.451551      0.29039184          147.09      0.14007103       69.451551       102.15629       10.972946       2.9957323        2.9957323       10.972946                       10.972946
              3       8.3996992       69.396733       0.2918649          147.09      0.14055941       69.396733       102.07565       10.807934       2.9957323        2.9957323       10.807934                       10.807934
              5       8.8394582       68.597615      0.30693718          147.09      0.14443337       68.597615       100.90023       11.687452       2.9957323        2.9957323       11.687452                       11.687452
              4        8.878566       68.943523      0.30267054          147.09      0.14386565       68.943523       101.40903       11.765667       2.9957323        2.9957323       11.765667                       11.765667
              2       9.3569684       69.029456      0.30248585          147.09       0.1441365       69.029456       101.53543       12.722472       2.9957323        2.9957323       12.722472                       12.722472
              4       9.1293601       69.003497      0.30238561          147.09      0.14398038       69.003497       101.49724       12.267256       2.9957323        2.9957323       12.267256                       12.267256
              2       9.0535051       68.365889       0.3075467          147.09      0.14374409       68.365889       100.55939       12.115546       2.9957323        2.9957323       12.115546                       12.115546
              5       8.5289908       69.022709      0.29450255          147.09      0.14030497       69.022709        101.5255       11.066517       2.9957323        2.9957323       11.066517                       11.066517
              1       10.373994       69.163918      0.30212591          147.09      0.14452639       69.163918       101.73321       14.756523       2.9957323        2.9957323       14.756523                       14.756523
              2       10.372947        69.07546      0.30359623          147.09      0.14485849        69.07546       101.60309        14.75443       2.9957323        2.9957323        14.75443                        14.75443
              2       9.1315088       68.424614      0.30947441          147.09      0.14489368       68.424614       100.64577       12.271553       2.9957323        2.9957323       12.271553                       12.271553
              2       8.8149537       68.467761      0.30718749          147.09      0.14400441       68.467761       100.70923       11.638443       2.9957323        2.9957323       11.638443                       11.638443
              3       8.6231066       69.364699      0.28962751          147.09      0.13935316       69.364699       102.02854       11.254749       2.9957323        2.9957323       11.254749                       11.254749
              7       8.4673933       68.734757      0.30383752          147.09      0.14354703       68.734757       101.10195       10.943322       2.9957323        2.9957323       10.943322                       10.943322
              4       8.1512364       69.027009      0.29679215          147.09      0.14141338       69.027009       101.53183       10.311008       2.9957323        2.9957323       10.311008                       10.311008
              2       8.1413967       69.026188      0.29706496          147.09         0.14154       69.026188       101.53062       10.291329       2.9957323        2.9957323       10.291329                       10.291329
              5       8.1447435        68.98623       0.2981855          147.09      0.14190946        68.98623       101.47185       10.298022       2.9957323        2.9957323       10.298022                       10.298022
              2       8.1449005       69.097388      0.29632434          147.09      0.14147855       69.097388       101.63535       10.298336       2.9957323        2.9957323       10.298336                       10.298336
              4        8.643691       68.701104      0.30508373          147.09      0.14399469       68.701104       101.05245       11.295917       2.9957323        2.9957323       11.295917                       11.295917
              5       8.2605088       69.089466       0.2979418          147.09      0.14221818       69.089466       101.62369       10.529553       2.9957323        2.9957323       10.529553                       10.529553
              5       8.1454204        68.97815      0.29798773          147.09      0.14178212        68.97815       101.45996       10.299376       2.9957323        2.9957323       10.299376                       10.299376
              3       8.1770724       68.909911      0.29958639          147.09      0.14226087       68.909911       101.35959        10.36268       2.9957323        2.9957323        10.36268                        10.36268
              8       8.2807024       68.949269       0.2969109          147.09      0.14115149       68.949269       101.41748        10.56994       2.9957323        2.9957323        10.56994                        10.56994
              7       8.4756451       68.907146       0.3018424          147.09      0.14332065       68.907146       101.35552       10.959826       2.9957323        2.9957323       10.959826                       10.959826
              5       9.7473393       68.209432      0.31306603          147.09       0.1456548       68.209432       100.32925       13.503214       2.9957323        2.9957323       13.503214                       13.503214
              9       8.9154355       68.425459      0.30789599          147.09      0.14415824       68.425459       100.64701       11.839407       2.9957323        2.9957323       11.839407                       11.839407
              1       8.7818427       69.154413      0.29169525          147.09      0.13949838       69.154413       101.71923       11.572221       2.9957323        2.9957323       11.572221                       11.572221
              1       8.5703963       69.302217      0.29050613          147.09       0.1395242       69.302217       101.93663       11.149328       2.9957323        2.9957323       11.149328                       11.149328
              1       9.6143534       69.896271      0.28355686          147.09      0.13853138       69.896271       102.81042       13.237242       2.9957323        2.9957323       13.237242                       13.237242
              7       9.2346466       69.689346       0.2892883          147.09       0.1404959       69.689346       102.50606       12.477829       2.9957323        2.9957323       12.477829                       12.477829
              1       8.9288558       68.990256      0.30208908          147.09      0.14378399       68.990256       101.47777       11.866247       2.9957323        2.9957323       11.866247                       11.866247
              4       9.1936328       68.605399      0.30024717          147.09      0.14131736       68.605399       100.91168       12.395801       2.9957323        2.9957323       12.395801                       12.395801
              1         8.38637       68.922629      0.30121563          147.09      0.14308733       68.922629        101.3783       10.781276       2.9957323        2.9957323       10.781276                       10.781276
              2       8.5944431       69.331613      0.29499976          147.09      0.14180262       69.331613       101.97987       11.197422       2.9957323        2.9957323       11.197422                       11.197422
              3       8.2158736       69.156162      0.29633267          147.09      0.14172332       69.156162        101.7218       10.440283       2.9957323        2.9957323       10.440283                       10.440283
              8       8.1965449       69.210098      0.29451048          147.09      0.14107163       69.210098       101.80113       10.401625       2.9957323        2.9957323       10.401625                       10.401625
              5       8.5905477       68.562172      0.30485958          147.09      0.14330752       68.562172        100.8481       11.189631       2.9957323        2.9957323       11.189631                       11.189631
              3       8.3207222       68.801833      0.29969044          147.09      0.14186423       68.801833       101.20062        10.64998       2.9957323        2.9957323        10.64998                        10.64998
              5       8.1664284       69.137844      0.29602291          147.09      0.14150018       69.137844       101.69485       10.341392       2.9957323        2.9957323       10.341392                       10.341392
             10       8.5941062       69.303395      0.29039501          147.09      0.13947558       69.303395       101.93836       11.196748       2.9957323        2.9957323       11.196748                       11.196748
              1       9.0667284        69.56292      0.28615861          147.09      0.13847214        69.56292        102.3201       12.141992       2.9957323        2.9957323       12.141992                       12.141992
              4       9.9111972       69.625998      0.29274968          147.09      0.14191859       69.625998       102.41288        13.83093       2.9957323        2.9957323        13.83093                        13.83093
              1       9.6703655       68.765237      0.30713291          147.09      0.14523264       68.765237       101.14679       13.349266       2.9957323        2.9957323       13.349266                       13.349266
             12       8.5486604       68.589994      0.30485396          147.09      0.14342121       68.589994       100.88902       11.105856       2.9957323        2.9957323       11.105856                       11.105856
              7       10.050048       68.091097      0.31101327          147.09      0.14419811       68.091097       100.15519       14.108631       2.9957323        2.9957323       14.108631                       14.108631
              5       9.1130156        68.44668      0.30424906          147.09      0.14253911        68.44668       100.67822       12.234567       2.9957323        2.9957323       12.234567                       12.234567
              2       8.2096434        68.91791      0.29810588          147.09       0.1415907        68.91791       101.37135       10.427822       2.9957323        2.9957323       10.427822                       10.427822
              1       8.2505537       69.072069       0.2950733          147.09      0.14077802       69.072069       101.59811       10.509643       2.9957323        2.9957323       10.509643                       10.509643
              4       8.7120886       69.397665      0.29409703          147.09      0.14163818       69.397665       102.07702       11.432713       2.9957323        2.9957323       11.432713                       11.432713
              3       8.3424375       69.256296      0.29524677          147.09      0.14161318       69.256296       101.86909        10.69341       2.9957323        2.9957323        10.69341                        10.69341
              2       9.5322307       68.666545      0.30818784          147.09      0.14531348       68.666545       101.00162       13.072997       2.9957323        2.9957323       13.072997                       13.072997
              2       9.2306647       68.610266      0.30004174          147.09       0.1412407       68.610266       100.91884       12.469865       2.9957323        2.9957323       12.469865                       12.469865
              1       9.0596059       69.215907      0.29009252          147.09      0.13897874       69.215907       101.80968       12.127747       2.9957323        2.9957323       12.127747                       12.127747
              1       8.7341489       69.224949      0.29086784          147.09      0.13938659       69.224949       101.82298       11.476833       2.9957323        2.9957323       11.476833                       11.476833
              2        9.832913       68.987898      0.29195175          147.09      0.13894948       68.987898        101.4743       13.674361       2.9957323        2.9957323       13.674361                       13.674361
              2       10.273005       68.510853      0.29976237          147.09      0.14070057       68.510853       100.77261       14.554545       2.9957323        2.9957323       14.554545                       14.554545
              7       10.308029       68.508905      0.29973679          147.09      0.14068057       68.508905       100.76975       14.624594       2.9957323        2.9957323       14.624594                       14.624594
              2       11.005779        70.02163      0.28635323          147.09      0.14039981        70.02163       102.99482       16.020093       2.9957323        2.9957323       16.020093                       16.020093
              1       10.343258       67.987556      0.31425031          147.09      0.14525617       67.987556        100.0029       14.695051       2.9957323        2.9957323       14.695051                       14.695051
              2       9.3965709       68.324745      0.30641993          147.09      0.14304512       68.324745       100.49887       12.801677       2.9957323        2.9957323       12.801677                       12.801677
              3       9.8601721       69.666694      0.28301272          147.09      0.13735876       69.666694       102.47274        13.72888       2.9957323        2.9957323        13.72888                        13.72888
              9       8.1507601       69.115013      0.29612459          147.09      0.14145531       69.115013       101.66127       10.310056       2.9957323        2.9957323       10.310056                       10.310056
              1        8.173115       68.910995      0.29892253          147.09       0.1419501       68.910995       101.36118       10.354765       2.9957323        2.9957323       10.354765                       10.354765
              1       10.318361       69.207434      0.28781827          147.09      0.13785542       69.207434       101.79722       14.645257       2.9957323        2.9957323       14.645257                       14.645257
              1       10.143379       70.016797      0.28072647          147.09      0.13762199       70.016797       102.98771       14.295294       2.9957323        2.9957323       14.295294                       14.295294
              3       9.1884277       69.194735      0.29934734          147.09      0.14332485       69.194735       101.77854       12.385391       2.9957323        2.9957323       12.385391                       12.385391
              8       9.3150999       69.645369      0.28468735          147.09      0.13808696       69.645369       102.44137       12.638735       2.9957323        2.9957323       12.638735                       12.638735
              2        8.419016       68.739962       0.3004323          147.09      0.14195974       68.739962       101.10961       10.846568       2.9957323        2.9957323       10.846568                       10.846568
              1       9.1019683       68.506087      0.30879254          147.09      0.14491893       68.506087        100.7656       12.212472       2.9957323        2.9957323       12.212472                       12.212472
              2       9.7745567       68.181687      0.31317857          147.09      0.14558865       68.181687       100.28844       13.557649       2.9957323        2.9957323       13.557649                       13.557649
              2        8.959249       68.396945      0.30758549          147.09      0.14389286       68.396945       100.60507       11.927034       2.9957323        2.9957323       11.927034                       11.927034
              2        9.112579       68.551209      0.30167981          147.09      0.14176743       68.551209       100.83197       12.233693       2.9957323        2.9957323       12.233693                       12.233693
              1       8.7923996       69.372665      0.29492559          147.09      0.14193491       69.372665       102.04025       11.593335       2.9957323        2.9957323       11.593335                       11.593335
              1       8.8952535       68.605816       0.3070866          147.09      0.14453823       68.605816        100.9123       11.799042       2.9957323        2.9957323       11.799042                       11.799042
              4       8.6374309       68.608272      0.30580954          147.09      0.14394746       68.608272       100.91591       11.283397       2.9957323        2.9957323       11.283397                       11.283397
              6       12.999985       69.066667      0.28662651          147.09       0.1367267       69.066667       101.59016       20.008506       2.9957323        2.9957323       20.008506                       20.008506
              1       10.527428        69.14473      0.28842093          147.09      0.13789386        69.14473       101.70498       15.063391       2.9957323        2.9957323       15.063391                       15.063391
              1       12.075475       69.399637       0.2828133          147.09      0.13621164       69.399637       102.07993       18.159485       2.9957323        2.9957323       18.159485                       18.159485
              3       11.153882       70.147978      0.27683727          147.09      0.13622439       70.147978       103.18066       16.316299       2.9957323        2.9957323       16.316299                       16.316299
              3       8.7851469       68.521017       0.3071282          147.09      0.14420068       68.521017       100.78756       11.578829       2.9957323        2.9957323       11.578829                       11.578829
              3       9.2925736       69.196581      0.29955388          147.09       0.1434314       69.196581       101.78125       12.593683       2.9957323        2.9957323       12.593683                       12.593683
              2       10.782524       70.129133      0.28270189          147.09      0.13903549       70.129133       103.15294       15.573584       2.9957323        2.9957323       15.573584                       15.573584
              3        8.472099       69.119662      0.29324381          147.09      0.14009804       69.119662       101.66811       10.952733       2.9957323        2.9957323       10.952733                       10.952733
              3        8.376495        69.04481      0.29478349          147.09      0.14052876        69.04481       101.55801       10.761525       2.9957323        2.9957323       10.761525                       10.761525
              2       8.8504477       69.211792       0.2906985          147.09      0.13925249       69.211792       101.80362       11.709431       2.9957323        2.9957323       11.709431                       11.709431
              1       8.2666227       69.292712      0.29313301          147.09      0.14074722       69.292712       101.92265       10.541781       2.9957323        2.9957323       10.541781                       10.541781
              2       8.1516274       68.975517      0.29852538          147.09      0.14202709       68.975517       101.45609        10.31179       2.9957323        2.9957323        10.31179                        10.31179
              3       8.3484455        68.71351      0.30241104          147.09      0.14278478        68.71351        101.0707       10.705426       2.9957323        2.9957323       10.705426                       10.705426
              1       8.5649156       69.452773      0.29198117          147.09       0.1408426       69.452773       102.15808       11.138367       2.9957323        2.9957323       11.138367                       11.138367
              1       9.1637362       69.342809      0.29660557          147.09      0.14262056       69.342809       101.99634       12.336008       2.9957323        2.9957323       12.336008                       12.336008
              1       9.2788847       69.376065      0.29626175          147.09      0.14259192       69.376065       102.04525       12.566305       2.9957323        2.9957323       12.566305                       12.566305
              8       9.8233247       69.201653      0.30054025          147.09      0.14392478       69.201653       101.78871       13.655185       2.9957323        2.9957323       13.655185                       13.655185
              1       8.9289996       68.491506      0.30391601          147.09      0.14256963       68.491506       100.74416       11.866535       2.9957323        2.9957323       11.866535                       11.866535
              3       9.7716574       68.928234      0.29303393          147.09      0.13922339       68.928234       101.38654        13.55185       2.9957323        2.9957323        13.55185                        13.55185
              1       8.7595945       69.092668      0.29266609          147.09      0.13971284       69.092668       101.62841       11.527724       2.9957323        2.9957323       11.527724                       11.527724
              1       8.7192931       69.383317      0.28904762          147.09      0.13914882       69.383317       102.05592       11.447122       2.9957323        2.9957323       11.447122                       11.447122
              3       8.1918535       69.202215      0.29442613          147.09       0.1409991       69.202215       101.78954       10.392242       2.9957323        2.9957323       10.392242                       10.392242
              1       8.2946524       69.307501      0.29342582          147.09      0.14094796       69.307501        101.9444        10.59784       2.9957323        2.9957323        10.59784                        10.59784
              5       8.3190542       69.128643      0.29761434          147.09      0.14222302       69.128643       101.68132       10.646644       2.9957323        2.9957323       10.646644                       10.646644
              1       8.2569932        69.08043      0.29807316          147.09      0.14224367        69.08043        101.6104       10.522522       2.9957323        2.9957323       10.522522                       10.522522
              4        8.717058       69.505569      0.28810946          147.09      0.13918638       69.505569       102.23574       11.442652       2.9957323        2.9957323       11.442652                       11.442652
              1       8.8800904       68.433735      0.30749563          147.09      0.14400562       68.433735       100.65918       11.768716       2.9957323        2.9957323       11.768716                       11.768716
              4       8.9094749       68.700854       0.3060888          147.09      0.14446802       68.700854       101.05209       11.827485       2.9957323        2.9957323       11.827485                       11.827485
              2       8.8064106       69.107059      0.29985909          147.09      0.14320627       69.107059       101.64957       11.621357       2.9957323        2.9957323       11.621357                       11.621357
              1       9.4804836       68.826693      0.30585319          147.09      0.14488614       68.826693       101.23718       12.969503       2.9957323        2.9957323       12.969503                       12.969503
              1       9.3038077       68.274442      0.30976117          147.09      0.14439205       68.274442       100.42488       12.616151       2.9957323        2.9957323       12.616151                       12.616151
              1       8.2071142       69.051765      0.29816851          147.09       0.1421711       69.051765       101.56824       10.422764       2.9957323        2.9957323       10.422764                       10.422764
             15       8.6922322       69.003009      0.30120357          147.09      0.14341553       69.003009       101.49653          11.393       2.9957323        2.9957323          11.393                          11.393
              2       8.9618663       69.032137      0.30151315          147.09      0.14368416       69.032137       101.53937       11.932268       2.9957323        2.9957323       11.932268                       11.932268
              5       10.276147       69.131318      0.28900072          147.09      0.13811746       69.131318       101.68526       14.560829       2.9957323        2.9957323       14.560829                       14.560829
              1       10.112957        69.88293      0.28077084          147.09      0.13711792        69.88293        102.7908        14.23445       2.9957323        2.9957323        14.23445                        14.23445
              5       9.9919498       69.748377      0.28198867          147.09      0.13718287       69.748377       102.59289       13.992435       2.9957323        2.9957323       13.992435                       13.992435
              2       9.4915509       69.746625      0.28347691          147.09      0.13789994       69.746625       102.59031       12.991637       2.9957323        2.9957323       12.991637                       12.991637
              4       9.2356536       69.761857      0.28488582          147.09      0.13864586       69.761857       102.61272       12.479843       2.9957323        2.9957323       12.479843                       12.479843
              2       8.9351054       69.653521      0.28848373          147.09      0.13996114       69.653521       102.45336       11.878746       2.9957323        2.9957323       11.878746                       11.878746
              2       8.9894905       69.124727      0.29156866          147.09      0.13931815       69.124727       101.67556       11.987516       2.9957323        2.9957323       11.987516                       11.987516
              2       8.8859025       69.272715      0.28979198          147.09      0.13906274       69.272715       101.89324        11.78034       2.9957323        2.9957323        11.78034                        11.78034
              7       9.0021917       69.547032      0.28651983          147.09      0.13858361       69.547032       102.29673       12.012919       2.9957323        2.9957323       12.012919                       12.012919
              1        8.553419       69.142513      0.29842867          147.09      0.14266941       69.142513       101.70172       11.115373       2.9957323        2.9957323       11.115373                       11.115373
              1       8.3716185       68.913967      0.30125858          147.09      0.14307176       68.913967       101.36555       10.751772       2.9957323        2.9957323       10.751772                       10.751772
              4       10.116395       68.137101      0.31482818          147.09      0.14616417       68.137101       100.22286       14.241326       2.9957323        2.9957323       14.241326                       14.241326
              1         10.0008       68.080747      0.31375109          147.09      0.14542326       68.080747       100.13997       14.010136       2.9957323        2.9957323       14.010136                       14.010136
              5       8.1953426        69.20285      0.29426134          147.09      0.14092277        69.20285       101.79047       10.399221       2.9957323        2.9957323       10.399221                       10.399221
              1        8.303123       69.282919      0.29230426          147.09      0.14030964       69.282919       101.90825       10.614782       2.9957323        2.9957323       10.614782                       10.614782
              2        9.480707        69.81174      0.28689048          147.09      0.13982121        69.81174       102.68609       12.969949       2.9957323        2.9957323       12.969949                       12.969949
              2       9.3479298        68.59544      0.30862761          147.09      0.14521961        68.59544       100.89703       12.704395       2.9957323        2.9957323       12.704395                       12.704395
              1       8.2462961       68.974063      0.29670095          147.09      0.14115314       68.974063       101.45395       10.501128       2.9957323        2.9957323       10.501128                       10.501128
              6       8.2478071       68.976844       0.2966406          147.09      0.14113581       68.976844       101.45804        10.50415       2.9957323        2.9957323        10.50415                        10.50415
              4       8.2687133       69.212051      0.29317616          147.09      0.14044041       69.212051       101.80401       10.545962       2.9957323        2.9957323       10.545962                       10.545962
             11       8.3328673       69.309289      0.29186573          147.09      0.14020581       69.309289       101.94703        10.67427       2.9957323        2.9957323        10.67427                        10.67427
              1       8.3399752       69.346002      0.29284292          147.09      0.14082429       69.346002       102.00103       10.688486       2.9957323        2.9957323       10.688486                       10.688486
              5       8.3106965       68.947605      0.30045846          147.09      0.14283111       68.947605       101.41503       10.629929       2.9957323        2.9957323       10.629929                       10.629929
              3        8.230745       68.967577      0.29963315          147.09       0.1425213       68.967577       101.44441       10.470025       2.9957323        2.9957323       10.470025                       10.470025
              3        8.298177       68.761681      0.30200797          147.09      0.14279447       68.761681       101.14156       10.604889       2.9957323        2.9957323       10.604889                       10.604889
              1       8.2088247       69.085816      0.29519975          147.09      0.14089441       69.085816       101.61833       10.426185       2.9957323        2.9957323       10.426185                       10.426185
              8       8.1522911       69.116988      0.29567152          147.09      0.14124696       69.116988       101.66418       10.313118       2.9957323        2.9957323       10.313118                       10.313118
              3       8.1487259       69.006011      0.29811603          147.09      0.14195777       69.006011       101.50094       10.305987       2.9957323        2.9957323       10.305987                       10.305987
              2       8.5018015       69.413024      0.28994083          147.09      0.13969836       69.413024       102.09962       11.012138       2.9957323        2.9957323       11.012138                       11.012138
              1        10.15159       69.090178      0.30299243          147.09      0.14463201       69.090178       101.62474       14.311716       2.9957323        2.9957323       14.311716                       14.311716
             12       10.047637       69.114382      0.30241507          147.09      0.14445757       69.114382       101.66034        14.10381       2.9957323        2.9957323        14.10381                        14.10381
              5       10.025919       68.125961       0.3098119          147.09      0.14378825       68.125961       100.20648       14.060374       2.9957323        2.9957323       14.060374                       14.060374
              3       8.9614365       69.348203      0.28864271          147.09      0.13881328       69.348203       102.00427       11.931408       2.9957323        2.9957323       11.931408                       11.931408
              1       9.5735178       69.564098       0.2932451          147.09       0.1419061       69.564098       102.32183       13.155571       2.9957323        2.9957323       13.155571                       13.155571
              2       9.3665987       69.016716      0.30271051          147.09      0.14419031       69.016716       101.51669       12.741733       2.9957323        2.9957323       12.741733                       12.741733
              2       9.1545576       68.519369      0.30886485          147.09      0.14500908       68.519369       100.78514       12.317651       2.9957323        2.9957323       12.317651                       12.317651
              7       9.1345057        68.52696      0.30872342          147.09       0.1449748        68.52696       100.79631       12.277547       2.9957323        2.9957323       12.277547                       12.277547
              6       9.1347152       68.581652      0.30816866          147.09      0.14494537       68.581652       100.87675       12.277966       2.9957323        2.9957323       12.277966                       12.277966
              1       8.3778947       68.785666      0.30279174          147.09      0.14326494       68.785666       101.17684       10.764325       2.9957323        2.9957323       10.764325                       10.764325
              3       10.380757       69.671521      0.29278244          147.09      0.14212014       69.671521       102.47984        14.77005       2.9957323        2.9957323        14.77005                        14.77005
              1       9.0080278       68.627048      0.30726433          147.09      0.14471141       68.627048       100.94352       12.024591       2.9957323        2.9957323       12.024591                       12.024591
             13       8.4635039       68.710982      0.30400078          147.09      0.14352482       68.710982       101.06698       10.935543       2.9957323        2.9957323       10.935543                       10.935543
              1       8.4226746       68.709634      0.30368441          147.09      0.14336983       68.709634         101.065       10.853885       2.9957323        2.9957323       10.853885                       10.853885
              6       8.6308617       69.512269      0.29069549          147.09      0.14046277       69.512269        102.2456       11.270259       2.9957323        2.9957323       11.270259                       11.270259
              2       8.1834619       68.886821      0.29953477          147.09      0.14214105       68.886821       101.32562       10.375459       2.9957323        2.9957323       10.375459                       10.375459
              1       8.1870643       68.883463      0.29944106          147.09      0.14208273       68.883463       101.32069       10.382664       2.9957323        2.9957323       10.382664                       10.382664
              3        8.157662        68.94366      0.29844179          147.09      0.14185619        68.94366       101.40923       10.323859       2.9957323        2.9957323       10.323859                       10.323859
              7       8.9997824       69.074975      0.30091543          147.09      0.14357735       69.074975       101.60238         12.0081       2.9957323        2.9957323         12.0081                         12.0081
              2       8.5529679       69.490523      0.29044763          147.09      0.14025521       69.490523       102.21361       11.114471       2.9957323        2.9957323       11.114471                       11.114471
              3       9.6420601       69.618844      0.28397983          147.09      0.13763887       69.618844       102.40236       13.292656       2.9957323        2.9957323       13.292656                       13.292656
              2       14.178973       70.579801        0.268915          147.09      0.13396023       70.579801       103.81583       22.366482       2.9957323        2.9957323       22.366482                       22.366482
              1       10.399762       68.448718      0.31275764          147.09      0.14653406       68.448718       100.68122       14.808059       2.9957323        2.9957323       14.808059                       14.808059
              3       9.7374556       69.930181      0.28380885          147.09      0.13878906       69.930181        102.8603       13.483447       2.9957323        2.9957323       13.483447                       13.483447
              9       8.3309343       68.766144      0.30052063          147.09      0.14210967       68.766144       101.14812       10.670404       2.9957323        2.9957323       10.670404                       10.670404
             15       8.3149098       68.771639      0.30055037          147.09      0.14214645       68.771639        101.1562       10.638355       2.9957323        2.9957323       10.638355                       10.638355
              1       8.6257981         68.7599       0.2989146          147.09      0.14132455         68.7599       101.13894       11.260132       2.9957323        2.9957323       11.260132                       11.260132
              3       8.2594985       69.159968      0.29382027          147.09      0.14053721       69.159968        101.7274       10.527532       2.9957323        2.9957323       10.527532                       10.527532
             10       8.2637898       68.844808      0.29918878          147.09      0.14180374       68.844808       101.26383       10.536115       2.9957323        2.9957323       10.536115                       10.536115
             11       8.6141006       68.579149      0.30568763          147.09      0.14376794       68.579149       100.87307       11.236737       2.9957323        2.9957323       11.236737                       11.236737
              1       9.2968732       68.418759      0.30422951          147.09      0.14241368       68.418759       100.63715       12.602282       2.9957323        2.9957323       12.602282                       12.602282
              8       9.1236748       68.511402      0.30256866          147.09      0.14202005       68.511402       100.77342       12.255885       2.9957323        2.9957323       12.255885                       12.255885
              4       9.7469627       68.277184      0.30634756          147.09       0.1428123       68.277184       100.42891       13.502461       2.9957323        2.9957323       13.502461                       13.502461
              1       9.9602086       69.224244      0.28815988          147.09       0.1380861       69.224244       101.82194       13.928953       2.9957323        2.9957323       13.928953                       13.928953
              1       10.141168       69.335539      0.28632219          147.09      0.13764702       69.335539       101.98564       14.290871       2.9957323        2.9957323       14.290871                       14.290871
              2       9.4006559       69.449923      0.29512827          147.09      0.14234898       69.449923       102.15389       12.809847       2.9957323        2.9957323       12.809847                       12.809847
              3       10.158379       69.311209      0.29921995          147.09      0.14374657       69.311209       101.94986       14.325293       2.9957323        2.9957323       14.325293                       14.325293
              5        8.946841       69.344075       0.2887337          147.09      0.13884051       69.344075        101.9982       11.902217       2.9957323        2.9957323       11.902217                       11.902217
              2       8.2482381         69.2629      0.29314329          147.09      0.14063107         69.2629        101.8788       10.505012       2.9957323        2.9957323       10.505012                       10.505012
              1       8.2987475          68.795      0.30203166          147.09      0.14294409          68.795       101.19056        10.60603       2.9957323        2.9957323        10.60603                        10.60603
              4       8.2045553       69.026159      0.29614543          147.09      0.14110177       69.026159       101.53058       10.417646       2.9957323        2.9957323       10.417646                       10.417646
              2        8.930102       68.563658      0.30761726          147.09      0.14461011       68.563658       100.85028       11.868739       2.9957323        2.9957323       11.868739                       11.868739
              9       8.3440181       69.132618       0.2976816          147.09      0.14227153       69.132618       101.68717       10.696572       2.9957323        2.9957323       10.696572                       10.696572
              2       8.9923942       69.555614       0.2864958          147.09      0.13860619       69.555614       102.30935       11.993324       2.9957323        2.9957323       11.993324                       11.993324
              2       8.3163432       69.333736      0.29281356          147.09      0.14076037       69.333736       101.98299       10.641222       2.9957323        2.9957323       10.641222                       10.641222
              2       8.3165856       68.776329      0.30039526          147.09      0.14209247       68.776329        101.1631       10.641707       2.9957323        2.9957323       10.641707                       10.641707
              9        8.887048       68.565331      0.30742106          147.09      0.14452493       68.565331       100.85275       11.782631       2.9957323        2.9957323       11.782631                       11.782631
              2       8.6992675       69.018934      0.29399192          147.09      0.14004638       69.018934       101.51995        11.40707       2.9957323        2.9957323        11.40707                        11.40707
              1       8.7958101       69.218928      0.29075998          147.09      0.13931067       69.218928       101.81412       11.600156       2.9957323        2.9957323       11.600156                       11.600156
              1       8.7391463       69.243186      0.29725869          147.09      0.14252421       69.243186        101.8498       11.486828       2.9957323        2.9957323       11.486828                       11.486828
              2       8.6606621       69.163902      0.29843148          147.09      0.14275904       69.163902       101.73318        11.32986       2.9957323        2.9957323        11.32986                        11.32986
              3       8.7310154       68.621687      0.30152707          147.09      0.14198716       68.621687       100.93564       11.470566       2.9957323        2.9957323       11.470566                       11.470566
              1       8.3124241       69.296174       0.2921411          147.09      0.14028498       69.296174       101.92774       10.633384       2.9957323        2.9957323       10.633384                       10.633384
              1       8.2928894       69.200542      0.29607508          147.09      0.14178192       69.200542       101.78708       10.594314       2.9957323        2.9957323       10.594314                       10.594314
              1       8.3957927        68.68621      0.30330435          147.09      0.14309279        68.68621       101.03055       10.800121       2.9957323        2.9957323       10.800121                       10.800121
              2       10.194255       68.046016      0.31493187          147.09      0.14582165       68.046016       100.08888       14.397046       2.9957323        2.9957323       14.397046                       14.397046
              8       10.222844       68.047861      0.31516699          147.09      0.14593843       68.047861        100.0916       14.454223       2.9957323        2.9957323       14.454223                       14.454223
              4       8.6247597       68.992408       0.3011471          147.09      0.14334459       68.992408       101.48093       11.258055       2.9957323        2.9957323       11.258055                       11.258055
              4       8.8012233       69.609743      0.28871332          147.09      0.13989651       69.609743       102.38897       11.610982       2.9957323        2.9957323       11.610982                       11.610982
              3       9.1009637        69.73052      0.28673057          147.09      0.13941831        69.73052       102.56662       12.210463       2.9957323        2.9957323       12.210463                       12.210463
              1       9.0322805       69.561759      0.28629612          147.09      0.13853407       69.561759       102.31839       12.073096       2.9957323        2.9957323       12.073096                       12.073096
              4       10.629159       68.853098      0.29290081          147.09      0.13885693       68.853098       101.27602       15.266854       2.9957323        2.9957323       15.266854                       15.266854
              1       10.473319       68.854471      0.29311071          147.09      0.13896197       68.854471       101.27804       14.955173       2.9957323        2.9957323       14.955173                       14.955173
              2       15.057413       67.541826      0.31447644          147.09      0.14346096       67.541826       99.347272       24.123361       2.9957323        2.9957323       24.123361                       24.123361
              2       11.333766       67.918485      0.31159216          147.09      0.14373499       67.918485         99.9013       16.676067       2.9957323        2.9957323       16.676067                       16.676067
              2       10.453142       68.143238      0.30774829          147.09      0.14290294       68.143238       100.23189       14.914819       2.9957323        2.9957323       14.914819                       14.914819
              2       8.5665413       68.582021      0.30506298          147.09      0.14348618       68.582021       100.87729       11.141618       2.9957323        2.9957323       11.141618                       11.141618
              3       8.1876109       69.134946      0.29644732          147.09      0.14169117       69.134946       101.69059       10.383757       2.9957323        2.9957323       10.383757                       10.383757
             21        8.435182       68.852835      0.29788501          147.09      0.14121873       68.852835       101.27564       10.878899       2.9957323        2.9957323       10.878899                       10.878899
              1       9.3455578       69.696249      0.28957303          147.09      0.14066205       69.696249       102.51621       12.699651       2.9957323        2.9957323       12.699651                       12.699651
              1       9.0221163       68.811423      0.29666135          147.09       0.1404695       68.811423       101.21472       12.052768       2.9957323        2.9957323       12.052768                       12.052768
              7       9.1009886       68.863242      0.29553151          147.09      0.14014536       68.863242       101.29094       12.210513       2.9957323        2.9957323       12.210513                       12.210513
              2       9.1821289       69.635056      0.29047558          147.09       0.1408528       69.635056        102.4262       12.372793       2.9957323        2.9957323       12.372793                       12.372793
              9       8.3262767       68.806351      0.29953472          147.09      0.14180914       68.806351       101.20726       10.661089       2.9957323        2.9957323       10.661089                       10.661089
              1       8.8331549       68.718351      0.29900709          147.09      0.14119748       68.718351       101.07782       11.674845       2.9957323        2.9957323       11.674845                       11.674845
              1       8.8823544       68.470149      0.30787406          147.09      0.14433633       68.470149       100.71274       11.773244       2.9957323        2.9957323       11.773244                       11.773244
              7       9.1976667       68.327753       0.3098173          147.09      0.14464384       68.327753       100.50329       12.403869       2.9957323        2.9957323       12.403869                       12.403869
              2       8.7834979       69.605022      0.28800677          147.09      0.13953522       69.605022       102.38203       11.575531       2.9957323        2.9957323       11.575531                       11.575531
              3       8.3513893        69.29855      0.29175957          147.09      0.14011138        69.29855       101.93124       10.711314       2.9957323        2.9957323       10.711314                       10.711314
              1       8.6012429        68.73715      0.30451024          147.09      0.14387487        68.73715       101.10547       11.211021       2.9957323        2.9957323       11.211021                       11.211021
              1       9.1038039       68.374396       0.3093546          147.09      0.14462507       68.374396        100.5719       12.216143       2.9957323        2.9957323       12.216143                       12.216143
              4       8.9881139       68.664968      0.29960802          147.09      0.14126152       68.664968        100.9993       11.984763       2.9957323        2.9957323       11.984763                       11.984763
              7       8.4179661       68.843835      0.29814953          147.09      0.14130718       68.843835        101.2624       10.844468       2.9957323        2.9957323       10.844468                       10.844468
              1       8.7975192       69.096343      0.29250162          147.09      0.13964918       69.096343       101.63381       11.603574       2.9957323        2.9957323       11.603574                       11.603574
              2       8.5637349       69.244789      0.29120753          147.09      0.13962937       69.244789       101.85216       11.136005       2.9957323        2.9957323       11.136005                       11.136005
              2       8.5406194       69.080398       0.2935613          147.09      0.14009043       69.080398       101.61036       11.089774       2.9957323        2.9957323       11.089774                       11.089774
              2       9.7536762       69.195069      0.30052343          147.09      0.14388935       69.195069       101.77903       13.515888       2.9957323        2.9957323       13.515888                       13.515888
              5       8.7166847       68.500332      0.30572115          147.09       0.1434534       68.500332       100.75714       11.441905       2.9957323        2.9957323       11.441905                       11.441905
              1       8.8935608       68.887759      0.29563546          147.09       0.1402945       68.887759         101.327       11.795657       2.9957323        2.9957323       11.795657                       11.795657
              2       8.7058716       69.545273      0.28815533          147.09      0.13936762       69.545273       102.29414       11.420279       2.9957323        2.9957323       11.420279                       11.420279
              1       8.5032866       69.463552      0.29017179          147.09      0.14001326       69.463552       102.17394       11.015109       2.9957323        2.9957323       11.015109                       11.015109
              8       9.1025727       68.548519      0.30177468          147.09      0.14180089       68.548519       100.82802       12.213681       2.9957323        2.9957323       12.213681                       12.213681
              5       8.8294922       69.305141      0.29638124          147.09      0.14235791       69.305141       101.94093        11.66752       2.9957323        2.9957323        11.66752                        11.66752
              1       8.3453377       68.799976      0.30242325          147.09      0.14315013       68.799976       101.19788       10.699211       2.9957323        2.9957323       10.699211                       10.699211
              4       8.8038595       69.598136      0.28749945          147.09      0.13926187       69.598136        102.3719       11.616254       2.9957323        2.9957323       11.616254                       11.616254
              1       8.5933624       69.496619      0.29084263          147.09      0.14047059       69.496619       102.22258        11.19526       2.9957323        2.9957323        11.19526                        11.19526
              2       8.9686433       68.461249      0.30457066          147.09      0.14275052       68.461249       100.69965       11.945822       2.9957323        2.9957323       11.945822                       11.945822
              2       8.9712631       68.581619      0.30761119          147.09      0.14468303       68.581619        100.8767       11.951062       2.9957323        2.9957323       11.951062                       11.951062
              2       8.7626524       68.643498      0.30618089          147.09      0.14427029       68.643498       100.96772        11.53384       2.9957323        2.9957323        11.53384                        11.53384
              4       8.8217001       68.633521      0.30652313          147.09      0.14438957       68.633521       100.95305       11.651936       2.9957323        2.9957323       11.651936                       11.651936
              1       9.2516653       69.222492      0.28955325          147.09      0.13874678       69.222492       101.81936       12.511866       2.9957323        2.9957323       12.511866                       12.511866
              1       10.060018        69.52415       0.2841046          147.09      0.13732501        69.52415       102.26307       14.128572       2.9957323        2.9957323       14.128572                       14.128572
              4       9.7396686       69.871316      0.28634702          147.09      0.13979464       69.871316       102.77372       13.487873       2.9957323        2.9957323       13.487873                       13.487873
              1       9.5281328       69.016885      0.30304315          147.09      0.14434947       69.016885       101.51694       13.064801       2.9957323        2.9957323       13.064801                       13.064801
              3       8.1960786       68.936009      0.29788044          147.09      0.14155795       68.936009       101.39798       10.400693       2.9957323        2.9957323       10.400693                       10.400693
              5       8.5330186       68.856501      0.29738173          147.09      0.14099515       68.856501       101.28103       11.074573       2.9957323        2.9957323       11.074573                       11.074573
              6        8.203943        69.14304      0.29451557          147.09      0.14080083        69.14304        101.7025       10.416422       2.9957323        2.9957323       10.416422                       10.416422
              1       8.2189439       69.237587      0.29422537          147.09      0.14104703       69.237587       101.84157       10.446423       2.9957323        2.9957323       10.446423                       10.446423
              1       8.1723131       69.076351      0.29738308          147.09      0.14189759       69.076351        101.6044       10.353162       2.9957323        2.9957323       10.353162                       10.353162
              4       9.7394704       68.428796      0.31151181          147.09      0.14586541       68.428796       100.65192       13.487476       2.9957323        2.9957323       13.487476                       13.487476
              1       10.348784       68.910325      0.29236747          147.09      0.13883458       68.910325        101.3602       14.706103       2.9957323        2.9957323       14.706103                       14.706103
              1       10.254098       69.519778      0.28380729          147.09      0.13716405       69.519778       102.25664       14.516732       2.9957323        2.9957323       14.516732                       14.516732
              4       10.033971       69.883222      0.28717066          147.09      0.14024452       69.883222       102.79123       14.076477       2.9957323        2.9957323       14.076477                       14.076477
              4       9.7288207       68.633719      0.30905255          147.09       0.1455819       68.633719       100.95334       13.466177       2.9957323        2.9957323       13.466177                       13.466177
              7       11.910035       70.366021      0.27911018          147.09      0.13819797       70.366021       103.50138       17.828606       2.9957323        2.9957323       17.828606                       17.828606
              2       11.692095       70.363554       0.2760617          147.09      0.13667897       70.363554       103.49775       17.392726       2.9957323        2.9957323       17.392726                       17.392726
              3       12.107072       70.435696      0.27700679          147.09      0.13742826       70.435696       103.60387       18.222679       2.9957323        2.9957323       18.222679                       18.222679
              4       9.4255487        68.31978      0.30643166          147.09       0.1430298        68.31978       100.49156       12.859633       2.9957323        2.9957323       12.859633                       12.859633
              5       10.061578       68.069038      0.31414171          147.09      0.14555423       68.069038       100.12275       14.131692       2.9957323        2.9957323       14.131692                       14.131692
             12       8.2161656       69.230559      0.29444187          147.09      0.14112217       69.230559       101.83123       10.440867       2.9957323        2.9957323       10.440867                       10.440867
              1       8.2245436       69.151446      0.29651388          147.09      0.14179064       69.151446       101.71486       10.457623       2.9957323        2.9957323       10.457623                       10.457623
              3       8.6134305       69.307454      0.29557276          147.09      0.14197906       69.307454       101.94433       11.235396       2.9957323        2.9957323       11.235396                       11.235396
              3       8.9525527       68.439599      0.30837343          147.09      0.14444146       68.439599       100.66781       11.913641       2.9957323        2.9957323       11.913641                       11.913641
              3       8.1998496       69.185727      0.29546056          147.09      0.14142707       69.185727       101.76529       10.408235       2.9957323        2.9957323       10.408235                       10.408235
              3       8.1608115       69.134966      0.29594239          147.09      0.14144991       69.134966       101.69062       10.330159       2.9957323        2.9957323       10.330159                       10.330159
              8       8.2763946       68.990465      0.29963218          147.09      0.14261546       68.990465       101.47808       10.561325       2.9957323        2.9957323       10.561325                       10.561325
              1        8.244619       68.861388      0.30097681          147.09      0.14271992       68.861388       101.28822       10.497774       2.9957323        2.9957323       10.497774                       10.497774
              3       8.2568753       69.149961      0.29396231          147.09      0.14056446       69.149961       101.71268       10.522286       2.9957323        2.9957323       10.522286                       10.522286
              5       8.4422615         69.1704      0.29747871          147.09         0.14233         69.1704       101.74274       10.893059       2.9957323        2.9957323       10.893059                       10.893059
              5       8.1474224       69.042808      0.29754772          147.09       0.1418383       69.042808       101.55507        10.30338       2.9957323        2.9957323        10.30338                        10.30338
              6       8.2519742        69.21046      0.29552159          147.09      0.14155743        69.21046       101.80167       10.512484       2.9957323        2.9957323       10.512484                       10.512484
              4       8.1707555       69.093195      0.29705208          147.09      0.14180879       69.093195       101.62918       10.350047       2.9957323        2.9957323       10.350047                       10.350047
              5       8.2274576       68.840228      0.29982223          147.09      0.14208507       68.840228       101.25709       10.463451       2.9957323        2.9957323       10.463451                       10.463451
              6       8.2386507       68.839184       0.2996486          147.09      0.14199848       68.839184       101.25556       10.485837       2.9957323        2.9957323       10.485837                       10.485837
              5       8.2555564        69.25972      0.29300088          147.09      0.14054985        69.25972       101.87412       10.519648       2.9957323        2.9957323       10.519648                       10.519648
              2       8.5045494       68.785458      0.29891588          147.09      0.14143023       68.785458       101.17653       11.017634       2.9957323        2.9957323       11.017634                       11.017634
              9       8.6918015       68.873015      0.29650083          147.09      0.14064494       68.873015       101.30532       11.392138       2.9957323        2.9957323       11.392138                       11.392138
              2       10.671778       69.256271      0.30100955          147.09      0.14437715       69.256271       101.86905       15.352091       2.9957323        2.9957323       15.352091                       15.352091
              3       8.3879152       68.896071        0.297288          147.09      0.14111276       68.896071       101.33923       10.784366       2.9957323        2.9957323       10.784366                       10.784366
              1       8.2589788       68.799184       0.3005903          147.09      0.14227924       68.799184       101.19672       10.526493       2.9957323        2.9957323       10.526493                       10.526493
             12       8.4667161       68.651089      0.30257972          147.09      0.14260498       68.651089       100.97889       10.941968       2.9957323        2.9957323       10.941968                       10.941968
              2       9.2188711        69.23465      0.28945898          147.09      0.13875033        69.23465       101.83725       12.446278       2.9957323        2.9957323       12.446278                       12.446278
              2       8.2957608        69.30741      0.29237106          147.09      0.14044093        69.30741       101.94427       10.600057       2.9957323        2.9957323       10.600057                       10.600057
              1       8.7794245       69.167078      0.29152249          147.09      0.13946683       69.167078       101.73785       11.567384       2.9957323        2.9957323       11.567384                       11.567384
              1         9.53046       68.353529      0.31155214          147.09      0.14556355       68.353529       100.54121       13.069456       2.9957323        2.9957323       13.069456                       13.069456
              6       9.9751536       68.115332      0.31408542          147.09      0.14572616       68.115332       100.19084       13.958843       2.9957323        2.9957323       13.958843                       13.958843
              1       10.012567        68.35537       0.3036408          147.09      0.14187484        68.35537       100.54391        14.03367       2.9957323        2.9957323        14.03367                        14.03367
              7        9.695111       68.192519      0.30925638          147.09      0.14381101       68.192519       100.30438       13.398757       2.9957323        2.9957323       13.398757                       13.398757
              1       8.7801457       68.526851       0.3037831          147.09       0.1426544       68.526851       100.79614       11.568827       2.9957323        2.9957323       11.568827                       11.568827
              5       8.3909308       69.100494       0.2984792          147.09      0.14252018       69.100494       101.63992       10.790397       2.9957323        2.9957323       10.790397                       10.790397
              1        8.396681       69.094189      0.29861364          147.09      0.14255836       69.094189       101.63064       10.801898       2.9957323        2.9957323       10.801898                       10.801898
              1        8.831965       69.338041      0.29575177          147.09      0.14219047       69.338041       101.98932       11.672465       2.9957323        2.9957323       11.672465                       11.672465
              2       9.2527585       69.206949      0.29928323          147.09      0.14334475       69.206949        101.7965       12.514052       2.9957323        2.9957323       12.514052                       12.514052
              4       8.5514481       69.469225      0.29134515          147.09      0.14060239       69.469225       102.18228       11.111432       2.9957323        2.9957323       11.111432                       11.111432
              1       9.1000257       69.719365      0.28740995          147.09      0.13970394       69.719365       102.55021       12.208587       2.9957323        2.9957323       12.208587                       12.208587
              2       8.9358439       69.665717      0.28688512          147.09       0.1392343       69.665717        102.4713       11.880223       2.9957323        2.9957323       11.880223                       11.880223
              3       9.5001141       68.826176      0.29529751          147.09      0.13988369       68.826176       101.23642       13.008764       2.9957323        2.9957323       13.008764                       13.008764
              5       9.5739604       68.814577      0.29535319          147.09      0.13986291       68.814577       101.21936       13.156456       2.9957323        2.9957323       13.156456                       13.156456
              3       8.8530163       68.659715      0.30016709          147.09      0.14150347       68.659715       100.99157       11.714568       2.9957323        2.9957323       11.714568                       11.714568
              1       10.372418       69.232329      0.28737852          147.09      0.13774384       69.232329       101.83383       14.753371       2.9957323        2.9957323       14.753371                       14.753371
              3       9.9400909       68.976528      0.29194915          147.09      0.13890244       68.976528       101.45758       13.888717       2.9957323        2.9957323       13.888717                       13.888717
              3       8.8971205       69.028898      0.30139304          147.09      0.14361344       69.028898       101.53461       11.802776       2.9957323        2.9957323       11.802776                       11.802776
              3       9.0820695       69.062843      0.30131871          147.09      0.14371927       69.062843       101.58454       12.172674       2.9957323        2.9957323       12.172674                       12.172674
              2       9.2257879       68.966234      0.29349306          147.09      0.13959532       68.966234       101.44243       12.460111       2.9957323        2.9957323       12.460111                       12.460111
              2       9.4301969       68.975484      0.29290993          147.09      0.13935534       68.975484       101.45604       12.868929       2.9957323        2.9957323       12.868929                       12.868929
              1       11.065215       69.024525      0.28950845          147.09      0.13793297       69.024525       101.52817       16.138965       2.9957323        2.9957323       16.138965                       16.138965
              1       11.055765       69.033773      0.28937645          147.09      0.13790703       69.033773       101.54178       16.120066       2.9957323        2.9957323       16.120066                       16.120066
              1       9.7235327       68.961783      0.29257005          147.09      0.13913835       68.961783       101.43589       13.455601       2.9957323        2.9957323       13.455601                       13.455601
              1       10.199661       70.046628      0.28238957          147.09      0.13855529       70.046628       103.03158       14.407857       2.9957323        2.9957323       14.407857                       14.407857
              1       9.6487282       69.577878      0.29314211          147.09      0.14191247       69.577878        102.3421       13.305992       2.9957323        2.9957323       13.305992                       13.305992
              2       8.8652303        69.47452      0.29302102          147.09      0.14143271        69.47452       102.19007       11.738996       2.9957323        2.9957323       11.738996                       11.738996
              1       9.0227779       68.390433      0.30871876          147.09      0.14439552       68.390433       100.59549       12.054091       2.9957323        2.9957323       12.054091                       12.054091
              1       8.9746094       68.497374      0.30352704          147.09      0.14241156       68.497374       100.75279       11.957754       2.9957323        2.9957323       11.957754                       11.957754
              3       9.4950053       68.516227      0.30133845          147.09      0.14146253       68.516227       100.78052       12.998546       2.9957323        2.9957323       12.998546                       12.998546
              6       9.4163897       68.576203       0.3002635          147.09      0.14120478       68.576203       100.86874       12.841315       2.9957323        2.9957323       12.841315                       12.841315
              2       8.8432021       68.988716        0.301878          147.09      0.14367711       68.988716        101.4755        11.69494       2.9957323        2.9957323        11.69494                        11.69494
              5       8.5639595       68.845818      0.30303644          147.09      0.14363159       68.845818       101.26531       11.136454       2.9957323        2.9957323       11.136454                       11.136454
              1       8.4750351       68.821352      0.30295848          147.09       0.1434926       68.821352       101.22933       10.958606       2.9957323        2.9957323       10.958606                       10.958606
              8       8.4687668       69.424413      0.29192943          147.09      0.14070266       69.424413       102.11637       10.946069       2.9957323        2.9957323       10.946069                       10.946069
              3       8.6988174       69.086684      0.29987469          147.09      0.14312929       69.086684        101.6196        11.40617       2.9957323        2.9957323        11.40617                        11.40617
              3       8.3454736       69.345222      0.29167176          147.09      0.14025794       69.345222       101.99989       10.699483       2.9957323        2.9957323       10.699483                       10.699483
              3        8.420473       68.996712      0.29536027          147.09      0.14060762       68.996712       101.48726       10.849482       2.9957323        2.9957323       10.849482                       10.849482
              2       8.8702584       68.831694      0.29670656          147.09       0.1405737       68.831694       101.24454       11.749052       2.9957323        2.9957323       11.749052                       11.749052
              1         10.3658       70.039734      0.27963214          147.09      0.13717534       70.039734       103.02144       14.740136       2.9957323        2.9957323       14.740136                       14.740136
              1       11.919972       69.667446      0.29530033          147.09      0.14332558       69.667446       102.47385       17.848479       2.9957323        2.9957323       17.848479                       17.848479
              1       11.200661       68.326694      0.31569948          147.09      0.14738547       68.326694       100.50173       16.409858       2.9957323        2.9957323       16.409858                       16.409858
              2       9.8338035       68.503154      0.30080703          147.09      0.14115917       68.503154       100.76129       13.676142       2.9957323        2.9957323       13.676142                       13.676142
              6       8.3881822       69.331204      0.29124547          147.09      0.13999633       69.331204       101.97927         10.7849       2.9957323        2.9957323         10.7849                         10.7849
              6         8.51255       69.304984      0.29073395          147.09      0.13964477       69.304984        101.9407       11.033635       2.9957323        2.9957323       11.033635                       11.033635
              8       9.8350097       69.109107      0.30212596          147.09      0.14429743       69.109107       101.65259       13.678555       2.9957323        2.9957323       13.678555                       13.678555
              1       8.5397608       69.010999      0.29465184          147.09      0.14032847       69.010999       101.50828       11.088057       2.9957323        2.9957323       11.088057                       11.088057
              4       8.4439004       68.810414      0.30293085          147.09      0.14343391       68.810414       101.21324       10.896336       2.9957323        2.9957323       10.896336                       10.896336
              5       8.5983946       69.151084      0.29844224          147.09      0.14271127       69.151084       101.71433       11.205325       2.9957323        2.9957323       11.205325                       11.205325
              1       8.7772108       69.143299      0.29915725          147.09      0.14302097       69.143299       101.70288       11.562957       2.9957323        2.9957323       11.562957                       11.562957
              4       8.4918997       69.421218      0.29000332          147.09      0.13976146       69.421218       102.11167       10.992335       2.9957323        2.9957323       10.992335                       10.992335
              6       8.8084244       69.552969      0.28739272          147.09      0.13902955       69.552969       102.30546       11.625384       2.9957323        2.9957323       11.625384                       11.625384
              2       9.1566791       68.840274      0.30491638          147.09      0.14449936       68.840274       101.25716       12.321894       2.9957323        2.9957323       12.321894                       12.321894
              1       9.2527468       69.015991      0.30247251          147.09      0.14407392       69.015991       101.51562       12.514029       2.9957323        2.9957323       12.514029                       12.514029
              1       9.3815488       69.003842       0.3029474          147.09      0.14424932       69.003842       101.49775       12.771633       2.9957323        2.9957323       12.771633                       12.771633
              1       10.668031       67.931102      0.31683577          147.09      0.14620813       67.931102       99.919857       15.344597       2.9957323        2.9957323       15.344597                       15.344597
              2       10.442549       67.970716      0.31558812          147.09      0.14580229       67.970716       99.978126       14.893633       2.9957323        2.9957323       14.893633                       14.893633
              3       10.504401       69.979852      0.27919766          147.09      0.13672811       69.979852       102.93336       15.017337       2.9957323        2.9957323       15.017337                       15.017337
              3       8.4936228       69.332809      0.29448841          147.09      0.14156171       69.332809       101.98163       10.995781       2.9957323        2.9957323       10.995781                       10.995781
              1       8.8407933       69.535985      0.29145371          147.09      0.14092525       69.535985       102.28048       11.690122       2.9957323        2.9957323       11.690122                       11.690122
              6       9.1059915       69.433375      0.29468537          147.09      0.14206763       69.433375       102.12955       12.220519       2.9957323        2.9957323       12.220519                       12.220519
              2        9.665816       68.841833      0.30601269          147.09      0.14502547       68.841833       101.25945       13.340167       2.9957323        2.9957323       13.340167                       13.340167
              1       10.263168       68.427873      0.30149352          147.09      0.14117054       68.427873       100.65056       14.534872       2.9957323        2.9957323       14.534872                       14.534872
              2        10.10595       69.067437      0.29024045          147.09      0.13845372       69.067437       101.59129       14.220435       2.9957323        2.9957323       14.220435                       14.220435
              9       10.071286       68.156076      0.31459602          147.09      0.14613774       68.156076       100.25077       14.151108       2.9957323        2.9957323       14.151108                       14.151108
              7       10.105671        68.17163      0.31466509          147.09      0.14623654        68.17163       100.27365       14.219877       2.9957323        2.9957323       14.219877                       14.219877
              5       9.9056502       68.160088      0.31385174          147.09      0.14580917       68.160088       100.25667       13.819836       2.9957323        2.9957323       13.819836                       13.819836
              1       8.1445539       68.980009      0.29816362          147.09      0.14187345       68.980009        101.4627       10.297643       2.9957323        2.9957323       10.297643                       10.297643
              9       8.5601663       69.178758      0.29781108          147.09      0.14252347       69.178758       101.75504       11.128868       2.9957323        2.9957323       11.128868                       11.128868
              1       8.1750006       68.975742      0.29895753          147.09      0.14223362       68.975742       101.45642       10.358537       2.9957323        2.9957323       10.358537                       10.358537
              6       8.8477397       69.554988      0.28716218          147.09      0.13892609       69.554988       102.30843       11.704015       2.9957323        2.9957323       11.704015                       11.704015
              4       9.6136298       69.440788      0.29579247          147.09      0.14263181       69.440788       102.14045       13.235795       2.9957323        2.9957323       13.235795                       13.235795
             10       9.1417976       68.432389      0.30948408          147.09      0.14493114       68.432389        100.6572       12.292131       2.9957323        2.9957323       12.292131                       12.292131
              1       8.5953446       69.486756      0.29120833          147.09       0.1406073       69.486756       102.20807       11.199225       2.9957323        2.9957323       11.199225                       11.199225
              1       8.6477353       69.262217      0.29658814          147.09      0.14228089       69.262217       101.87779       11.304006       2.9957323        2.9957323       11.304006                       11.304006
              7       8.2521013       68.805138      0.30125296          147.09      0.14261758       68.805138       101.20548       10.512738       2.9957323        2.9957323       10.512738                       10.512738
              2       8.5789313        68.72863      0.30449845          147.09      0.14383364        68.72863       101.09294       11.166398       2.9957323        2.9957323       11.166398                       11.166398
             10        8.386887       68.816913      0.30253666          147.09      0.14327433       68.816913        101.2228        10.78231       2.9957323        2.9957323        10.78231                        10.78231
              3       9.0657456       69.522344      0.29268619          147.09      0.14146566       69.522344       102.26042       12.140027       2.9957323        2.9957323       12.140027                       12.140027
              4       8.3792537       68.720035      0.30320687          147.09      0.14318772       68.720035        101.0803       10.767043       2.9957323        2.9957323       10.767043                       10.767043
              5       8.3809633       69.246309      0.29204332          147.09      0.14003627       69.246309        101.8544       10.770462       2.9957323        2.9957323       10.770462                       10.770462
              3       9.4275241       69.727473      0.28380585          147.09      0.13798415       69.727473       102.56214       12.863584       2.9957323        2.9957323       12.863584                       12.863584
              4         9.28825       69.421054      0.29541725          147.09      0.14236992       69.421054       102.11143       12.585035       2.9957323        2.9957323       12.585035                       12.585035
              3       9.1774319       69.386106      0.29581352          147.09       0.1424174       69.386106       102.06002       12.363399       2.9957323        2.9957323       12.363399                       12.363399
              2       9.4997635        68.39329      0.31114412          147.09      0.14554209        68.39329       100.59969       13.008062       2.9957323        2.9957323       13.008062                       13.008062
              2       8.9760637       68.590533      0.30754068          147.09      0.14468747       68.590533       100.88981       11.960663       2.9957323        2.9957323       11.960663                       11.960663
              4        8.174229       68.933361      0.29826226          147.09      0.14172851       68.933361       101.39408       10.356993       2.9957323        2.9957323       10.356993                       10.356993
              1        8.529578       69.034778      0.29430806          147.09      0.14026135       69.034778       101.54325       11.067692       2.9957323        2.9957323       11.067692                       11.067692
              6       8.5102095        69.08061      0.29367099          147.09      0.14014363        69.08061       101.61067       11.028954       2.9957323        2.9957323       11.028954                       11.028954
              4       8.5888159       68.852001      0.29724889          147.09      0.14091375       68.852001       101.27441       11.186167       2.9957323        2.9957323       11.186167                       11.186167
              5       9.2591796       69.772576      0.28480318          147.09      0.13864824       69.772576       102.62848       12.526895       2.9957323        2.9957323       12.526895                       12.526895
              2       10.151066        70.00079      0.28411301          147.09      0.13921852        70.00079       102.96416       14.310668       2.9957323        2.9957323       14.310668                       14.310668
              1       11.158935       68.788897      0.30927713          147.09      0.14634723       68.788897       101.18159       16.326406       2.9957323        2.9957323       16.326406                       16.326406
              1       10.119879       68.571518      0.31066329          147.09      0.14607553       68.571518       100.86185       14.248293       2.9957323        2.9957323       14.248293                       14.248293
              1       9.5732634       69.851383      0.28608012          147.09      0.13958466       69.851383        102.7444       13.155062       2.9957323        2.9957323       13.155062                       13.155062
              2       12.257929       70.166046      0.28548705          147.09       0.1405531       70.166046       103.20724       18.524393       2.9957323        2.9957323       18.524393                       18.524393
              1       9.1366769       68.454043      0.30932966          147.09      0.14495052       68.454043       100.68905       12.281889       2.9957323        2.9957323       12.281889                       12.281889
              1       8.7932167       69.047205      0.29326733          147.09      0.13981569       69.047205       101.56153       11.594969       2.9957323        2.9957323       11.594969                       11.594969
              1       9.1366025       69.720198      0.28535164          147.09      0.13870675       69.720198       102.55144       12.281741       2.9957323        2.9957323       12.281741                       12.281741
              1       9.2637911       69.650761      0.29040164          147.09      0.14088048       69.650761       102.44931       12.536118       2.9957323        2.9957323       12.536118                       12.536118
             15       8.4307572       69.074242      0.29910172          147.09      0.14270894       69.074242        101.6013        10.87005       2.9957323        2.9957323        10.87005                        10.87005
              1       8.5319694       68.954424      0.30138952          147.09      0.14330206       68.954424       101.42506       11.072474       2.9957323        2.9957323       11.072474                       11.072474
              1       8.4270577       68.920816      0.30143607          147.09      0.14318451       68.920816       101.37563       10.862651       2.9957323        2.9957323       10.862651                       10.862651
              1        8.449917       68.966184      0.30088315          147.09      0.14311009       68.966184       101.44236       10.908369       2.9957323        2.9957323       10.908369                       10.908369
              1       9.8659618       68.699429      0.30844773          147.09      0.14557535       68.699429       101.04999       13.740459       2.9957323        2.9957323       13.740459                       13.740459
              1       9.5436345       69.318389      0.28764086          147.09      0.13821256       69.318389       101.96042       13.095804       2.9957323        2.9957323       13.095804                       13.095804
              2       11.029774       70.095155      0.27731666          147.09      0.13625484       70.095155       103.10296       16.068084       2.9957323        2.9957323       16.068084                       16.068084
              2       9.9582397       69.981887      0.28349648          147.09       0.1388414       69.981887       102.93636       13.925015       2.9957323        2.9957323       13.925015                       13.925015
              2       8.8190612       69.615136      0.28873616          147.09      0.13992925       69.615136        102.3969       11.646658       2.9957323        2.9957323       11.646658                       11.646658
              8       8.6058962       69.128027      0.29886883          147.09      0.14281997       69.128027       101.68042       11.220328       2.9957323        2.9957323       11.220328                       11.220328
              5       9.9414597       69.721637      0.28233273          147.09      0.13724495       69.721637       102.55356       13.891455       2.9957323        2.9957323       13.891455                       13.891455
              3        10.30265       69.773167      0.28107545          147.09      0.13683582       69.773167       102.62935       14.613836       2.9957323        2.9957323       14.613836                       14.613836
             16       8.5389351       69.307345       0.2952554          147.09      0.14182617       69.307345       101.94417       11.086406       2.9957323        2.9957323       11.086406                       11.086406
              5       10.191272       69.911159      0.28694353          147.09      0.14024566       69.911159       102.83232        14.39108       2.9957323        2.9957323        14.39108                        14.39108
              9       10.218218       69.953627      0.28588552          147.09      0.13989836       69.953627       102.89479       14.444972       2.9957323        2.9957323       14.444972                       14.444972
              1       9.5577926       69.521874      0.28516244          147.09       0.1378273       69.521874       102.25972       13.124121       2.9957323        2.9957323       13.124121                       13.124121
              1       9.9666961       69.828258      0.28149172          147.09      0.13725496       69.828258       102.71039       13.941928       2.9957323        2.9957323       13.941928                       13.941928
              1       9.5251658       69.098406      0.30171014          147.09      0.14405421       69.098406       101.63685       13.058867       2.9957323        2.9957323       13.058867                       13.058867
              1       9.2214188       68.501331      0.30926334          147.09      0.14511973       68.501331       100.75861       12.451373       2.9957323        2.9957323       12.451373                       12.451373
              2       8.9202745       69.039867      0.29303795          147.09      0.13967664       69.039867       101.55074       11.849084       2.9957323        2.9957323       11.849084                       11.849084
              5       8.6037468       69.494839      0.28898004          147.09      0.13956386       69.494839       102.21996       11.216029       2.9957323        2.9957323       11.216029                       11.216029
              4       9.4276046       68.756961      0.29669821          147.09      0.14026466       68.756961       101.13461       12.863745       2.9957323        2.9957323       12.863745                       12.863745
              1       8.9872231       68.615534      0.30066313          147.09      0.14155495       68.615534       100.92659       11.982982       2.9957323        2.9957323       11.982982                       11.982982
              2       9.8144523        68.38531       0.3034462          147.09      0.14190815        68.38531       100.58795        13.63744       2.9957323        2.9957323        13.63744                        13.63744
              2       8.4013858        69.02936       0.2949134          147.09      0.14052779        69.02936       101.53529       10.811307       2.9957323        2.9957323       10.811307                       10.811307
              1       8.2326431       69.047762      0.29557214          147.09      0.14091678       69.047762       101.56235       10.473822       2.9957323        2.9957323       10.473822                       10.473822
              2       8.4485761       69.049837      0.29438685          147.09      0.14036012       69.049837       101.56541       10.905688       2.9957323        2.9957323       10.905688                       10.905688
              7       8.7815179       69.579389      0.28759287          147.09      0.13923209       69.579389       102.34432       11.571571       2.9957323        2.9957323       11.571571                       11.571571
              3       8.8046116       69.590144      0.28743208          147.09      0.13919727       69.590144       102.36014       11.617759       2.9957323        2.9957323       11.617759                       11.617759
              6       8.6695739       69.261556      0.29061013          147.09      0.13941042       69.261556       101.87682       11.347683       2.9957323        2.9957323       11.347683                       11.347683
             15       8.7712949       69.307506      0.28970709          147.09      0.13916168       69.307506       101.94441       11.551125       2.9957323        2.9957323       11.551125                       11.551125
              3       9.7430319       69.154234      0.28955225          147.09      0.13847281       69.154234       101.71896       13.494599       2.9957323        2.9957323       13.494599                       13.494599
              3       10.170824       70.000851      0.28041764          147.09      0.13740798       70.000851       102.96425       14.350183       2.9957323        2.9957323       14.350183                       14.350183
              2       9.4431158       69.844635      0.28500255          147.09      0.13903203       69.844635       102.73447       12.894767       2.9957323        2.9957323       12.894767                       12.894767
              2        12.24687       70.403908      0.27908329          147.09       0.1383335       70.403908       103.55711       18.502275       2.9957323        2.9957323       18.502275                       18.502275
              2       11.163955       69.968584      0.28793741          147.09      0.14096272       69.968584       102.91679       16.336446       2.9957323        2.9957323       16.336446                       16.336446
              9       8.2231667       69.030811      0.29863996          147.09      0.14230949       69.030811       101.53742       10.454869       2.9957323        2.9957323       10.454869                       10.454869
              2       8.5568069       68.580719      0.30468193          147.09      0.14330151       68.580719       100.87538       11.122149       2.9957323        2.9957323       11.122149                       11.122149
              1        9.099816       68.429551      0.30478878          147.09       0.1427205       68.429551       100.65303       12.208167       2.9957323        2.9957323       12.208167                       12.208167
              1       8.8799722        68.56669      0.30218976          147.09      0.14207122        68.56669       100.85474        11.76848       2.9957323        2.9957323        11.76848                        11.76848
              1       9.3574573       69.805816      0.28617449          147.09      0.13944859       69.805816       102.67737        12.72345       2.9957323        2.9957323        12.72345                        12.72345
              1       10.610046       69.442651      0.29759151          147.09      0.14350701       69.442651        102.1432       15.228628       2.9957323        2.9957323       15.228628                       15.228628
              3        9.069129       69.708481       0.2858893          147.09       0.1389214       69.708481       102.53421       12.146793       2.9957323        2.9957323       12.146793                       12.146793
              1       8.2953369       69.075691      0.29473449          147.09      0.14063112       69.075691       101.60343       10.599209       2.9957323        2.9957323       10.599209                       10.599209
              5       8.1602175       69.061988      0.29609342          147.09      0.14122348       69.061988       101.58328        10.32897       2.9957323        2.9957323        10.32897                        10.32897
              5       8.2325337       69.155816      0.29408981          147.09      0.14064924       69.155816       101.72129       10.473603       2.9957323        2.9957323       10.473603                       10.473603
              1        8.609048         69.4826      0.28892041          147.09      0.13948591         69.4826       102.20196       11.226631       2.9957323        2.9957323       11.226631                       11.226631
              5       8.5278727       69.480014      0.29034654          147.09      0.14016399       69.480014       102.19815       11.064281       2.9957323        2.9957323       11.064281                       11.064281
              2       8.9887371       68.476996      0.30850392          147.09      0.14466054       68.476996       100.72281        11.98601       2.9957323        2.9957323        11.98601                        11.98601
              1       9.5328995       69.854864       0.2833819          147.09      0.13828192       69.854864       102.74952       13.074334       2.9957323        2.9957323       13.074334                       13.074334
              2       10.850231         70.0848      0.28429942          147.09      0.13964444         70.0848       103.08773       15.708998       2.9957323        2.9957323       15.708998                       15.708998
              2       8.7304623       68.675736      0.30028464          147.09      0.14162495       68.675736       101.01514        11.46946       2.9957323        2.9957323        11.46946                        11.46946
              8       8.3399553       68.780564      0.30004882          147.09      0.14194608       68.780564       101.16933       10.688446       2.9957323        2.9957323       10.688446                       10.688446
              2       8.7226484       68.948965      0.29507347          147.09      0.14027674       68.948965       101.41703       11.453832       2.9957323        2.9957323       11.453832                       11.453832
              3       8.1982586       69.152058      0.29448498          147.09      0.14082293       69.152058       101.71576       10.405053       2.9957323        2.9957323       10.405053                       10.405053
              2       8.3371182       69.272343      0.29207672          147.09      0.14015761       69.272343       101.89269       10.682772       2.9957323        2.9957323       10.682772                       10.682772
              7       8.5713049        69.17105      0.29214216          147.09      0.13977933        69.17105        101.7437       11.151145       2.9957323        2.9957323       11.151145                       11.151145
              6       11.233963       70.282135      0.27795863          147.09      0.13729984       70.282135       103.37799       16.476461       2.9957323        2.9957323       16.476461                       16.476461
              1       10.224277       70.007755      0.28425146          147.09      0.13931408       70.007755       102.97441        14.45709       2.9957323        2.9957323        14.45709                        14.45709
              1       10.237437       69.449194      0.29684593          147.09      0.14317445       69.449194       102.15282       14.483408       2.9957323        2.9957323       14.483408                       14.483408
              2       9.5704643       68.262641      0.30750334          147.09      0.14329004       68.262641       100.40752       13.149464       2.9957323        2.9957323       13.149464                       13.149464
              2       9.4072777       68.455722      0.30294898          147.09      0.14196752       68.455722       100.69152       12.823091       2.9957323        2.9957323       12.823091                       12.823091
              5       10.111161        68.41623      0.30205727          147.09      0.14138637        68.41623       100.63343       14.230857       2.9957323        2.9957323       14.230857                       14.230857
              1       10.024591       68.998865      0.29144876          147.09      0.13875419       68.998865       101.49043       14.057718       2.9957323        2.9957323       14.057718                       14.057718
              2       8.8614724       69.124318      0.29190802          147.09      0.13947865       69.124318       101.67496        11.73148       2.9957323        2.9957323        11.73148                        11.73148
              1         8.85891       69.136161      0.29174152          147.09      0.13944687       69.136161       101.69238       11.726355       2.9957323        2.9957323       11.726355                       11.726355
              6       8.4848977        68.72559      0.30034577          147.09      0.14185952        68.72559       101.08847       10.978331       2.9957323        2.9957323       10.978331                       10.978331
              4       8.4796882       69.330929      0.29064611          147.09      0.13970713       69.330929       101.97886       10.967912       2.9957323        2.9957323       10.967912                       10.967912
              7        8.489336       69.337193      0.29053653          147.09      0.13967969       69.337193       101.98808       10.987207       2.9957323        2.9957323       10.987207                       10.987207
              1       8.9955916       69.627787      0.28612291          147.09      0.13871321       69.627787       102.41551       11.999719       2.9957323        2.9957323       11.999719                       11.999719
              4       8.1520581       69.124047      0.29578773          147.09      0.14133134       69.124047       101.67456       10.312652       2.9957323        2.9957323       10.312652                       10.312652
              9        8.299092       68.967251      0.30011135          147.09      0.14274741       68.967251       101.44393       10.606719       2.9957323        2.9957323       10.606719                       10.606719
              4       8.8828608       68.502519      0.30385916          147.09       0.1425888       68.502519       100.76036       11.774257       2.9957323        2.9957323       11.774257                       11.774257
              4       8.9239445        68.41154      0.30752573          147.09      0.14392631        68.41154       100.62653       11.856425       2.9957323        2.9957323       11.856425                       11.856425
              3       8.6436148       68.798709      0.29806654          147.09      0.14108272       68.798709       101.19602       11.295765       2.9957323        2.9957323       11.295765                       11.295765
              1       8.8417178       69.471212      0.28774996          147.09       0.1388753       69.471212       102.18521       11.691971       2.9957323        2.9957323       11.691971                       11.691971
              4       8.6911453       69.411213      0.29371183          147.09      0.14150791       69.411213       102.09695       11.390826       2.9957323        2.9957323       11.390826                       11.390826
              4       10.269856       68.775083      0.29480089          147.09      0.13944118       68.775083       101.16127       14.548248       2.9957323        2.9957323       14.548248                       14.548248
              2       8.7641356       68.488625      0.30533579          147.09      0.14322361       68.488625       100.73992       11.536807       2.9957323        2.9957323       11.536807                       11.536807
              2       9.6160956       68.798362      0.29555741          147.09      0.13989367       68.798362       101.19551       13.240727       2.9957323        2.9957323       13.240727                       13.240727
              7       8.2097844       69.089678      0.29513693          147.09      0.14088018       69.089678       101.62401       10.428104       2.9957323        2.9957323       10.428104                       10.428104
              6       8.9966014       69.545993      0.29189649          147.09      0.14117997       69.545993        102.2952       12.001738       2.9957323        2.9957323       12.001738                       12.001738
              1       8.4316788       68.728956      0.30364277          147.09       0.1434308       68.728956       101.09342       10.871893       2.9957323        2.9957323       10.871893                       10.871893
              6       8.2666647       68.798919      0.30042447          147.09      0.14219965       68.798919       101.19633       10.541865       2.9957323        2.9957323       10.541865                       10.541865
              1       8.7286973       68.496374      0.30561409          147.09      0.14338659       68.496374       100.75132        11.46593       2.9957323        2.9957323        11.46593                        11.46593
              4       8.6922353       68.513479      0.30533332          147.09      0.14332642       68.513479       100.77648       11.393006       2.9957323        2.9957323       11.393006                       11.393006
              3       9.5784229       68.212997      0.30927512          147.09      0.14390611       68.212997        100.3345       13.165381       2.9957323        2.9957323       13.165381                       13.165381
              1       10.697605         69.7893      0.28014751          147.09      0.13644714         69.7893       102.65308       15.403746       2.9957323        2.9957323       15.403746                       15.403746
              3       9.9027728       68.868073      0.29381069          147.09      0.13934887       68.868073       101.29805       13.814081       2.9957323        2.9957323       13.814081                       13.814081
              2       10.390491       69.026416      0.29043288          147.09      0.13838099       69.026416       101.53096       14.789517       2.9957323        2.9957323       14.789517                       14.789517
              1        13.41798       68.712876      0.29194193          147.09      0.13783919       68.712876       101.06977       20.844496       2.9957323        2.9957323       20.844496                       20.844496
              3       9.3467004       68.886429      0.29456989          147.09      0.13978343       68.886429       101.32505       12.701936       2.9957323        2.9957323       12.701936                       12.701936
              4        8.933588       69.172628       0.2990927          147.09      0.14311144       69.172628       101.74602       11.875711       2.9957323        2.9957323       11.875711                       11.875711
              2       8.4063422       69.241332      0.29594764          147.09      0.14188802       69.241332       101.84708        10.82122       2.9957323        2.9957323        10.82122                        10.82122
              3         8.39252       68.725898      0.30102171          147.09      0.14218005       68.725898       101.08892       10.793575       2.9957323        2.9957323       10.793575                       10.793575
              4       8.3553482       68.732817      0.30122913          147.09      0.14230667       68.732817        101.0991       10.719232       2.9957323        2.9957323       10.719232                       10.719232
              3       10.544165       69.676845      0.29298129          147.09      0.14223839       69.676845       102.48767       15.096865       2.9957323        2.9957323       15.096865                       15.096865
              1       11.509005       67.769214      0.32016305          147.09      0.14704021       67.769214       99.681737       17.026545       2.9957323        2.9957323       17.026545                       17.026545
              2        9.923515        68.42372      0.31202594          147.09      0.14608448        68.42372       100.64445       13.855566       2.9957323        2.9957323       13.855566                       13.855566
              2       9.6244612       69.125923      0.30144864          147.09      0.14404402       69.125923       101.67732       13.257458       2.9957323        2.9957323       13.257458                       13.257458
              2       9.5562023       69.266218      0.29889373          147.09       0.1434035       69.266218       101.88368        13.12094       2.9957323        2.9957323        13.12094                        13.12094
              3       8.8136674        68.51393      0.30734069          147.09      0.14427059        68.51393       100.77714        11.63587       2.9957323        2.9957323        11.63587                        11.63587
              8       8.7864864       68.627661      0.30643429          147.09      0.14432307       68.627661       100.94443       11.581508       2.9957323        2.9957323       11.581508                       11.581508
              3       8.4541053       68.755563      0.29983292          147.09      0.14174084       68.755563       101.13256       10.916746       2.9957323        2.9957323       10.916746                       10.916746
              5       8.4471761       68.757622       0.2998272          147.09      0.14174662       68.757622       101.13559       10.902888       2.9957323        2.9957323       10.902888                       10.902888
              3        8.258076       69.049381      0.29859802          147.09      0.14236607       69.049381       101.56473       10.524687       2.9957323        2.9957323       10.524687                       10.524687
              1       8.3898848       69.042614      0.29475557          147.09      0.14050652       69.042614       101.55478       10.788305       2.9957323        2.9957323       10.788305                       10.788305
              1        9.330973       69.695894       0.2843277          147.09      0.13811268       69.695894       102.51569       12.670482       2.9957323        2.9957323       12.670482                       12.670482
              4       9.3816792       69.367842       0.2966608          147.09      0.14275014       69.367842       102.03316       12.771894       2.9957323        2.9957323       12.771894                       12.771894
              8       8.8422134        69.62999       0.2875954          147.09       0.1394359        69.62999       102.41875       11.692962       2.9957323        2.9957323       11.692962                       11.692962
              6       8.8391189       69.629125      0.28764372          147.09      0.13945586       69.629125       102.41748       11.686773       2.9957323        2.9957323       11.686773                       11.686773
              1       9.1063776       68.487537       0.3032161          147.09      0.14222481       68.487537       100.73832       12.221291       2.9957323        2.9957323       12.221291                       12.221291
              1       9.1130235       68.489841      0.30313289          147.09      0.14219534       68.489841       100.74171       12.234583       2.9957323        2.9957323       12.234583                       12.234583
              4       8.8670588       68.542927      0.30284537          147.09      0.14228078       68.542927       100.81979       11.742653       2.9957323        2.9957323       11.742653                       11.742653
              2       9.5918195       68.782755      0.29588528          147.09      0.13998532       68.782755       101.17255       13.192175       2.9957323        2.9957323       13.192175                       13.192175
              2       8.7866825       68.928341      0.29523362          147.09      0.14026892       68.928341        101.3867       11.581901       2.9957323        2.9957323       11.581901                       11.581901
              2       9.3842202       68.248582      0.31021131          147.09      0.14449236       68.248582       100.38684       12.776976       2.9957323        2.9957323       12.776976                       12.776976
              1        10.72247       68.007543      0.31081676          147.09      0.14375356       68.007543       100.03229       15.453476       2.9957323        2.9957323       15.453476                       15.453476
              2       10.584964       69.260248      0.28666436          147.09      0.13751238       69.260248        101.8749       15.178464       2.9957323        2.9957323       15.178464                       15.178464
              1       10.190231       69.264735      0.28720865          147.09      0.13779132       69.264735        101.8815       14.388997       2.9957323        2.9957323       14.388997                       14.388997
              1        9.915009       69.306944      0.28709349          147.09      0.13790399       69.306944       101.94358       13.838553       2.9957323        2.9957323       13.838553                       13.838553
              3       10.152096       68.080483      0.31080846          147.09      0.14405823       68.080483       100.13958       14.312727       2.9957323        2.9957323       14.312727                       14.312727
              2       9.4961089       69.835166      0.28614879          147.09      0.13955335       69.835166       102.72055       13.000753       2.9957323        2.9957323       13.000753                       13.000753
              3       9.5216359       69.804859      0.28733008          147.09      0.14000786       69.804859       102.67597       13.051807       2.9957323        2.9957323       13.051807                       13.051807
              1       8.5749456       69.361719      0.28987531          147.09      0.13946041       69.361719       102.02415       11.158427       2.9957323        2.9957323       11.158427                       11.158427
              3       8.7129821       69.373248      0.28917471          147.09       0.1391696       69.373248       102.04111         11.4345       2.9957323        2.9957323         11.4345                         11.4345
              7        8.232388       68.982264      0.29666064          147.09      0.14116753       68.982264       101.46601       10.473312       2.9957323        2.9957323       10.473312                       10.473312
              2       9.3521639       68.738412       0.3068104          147.09      0.14496697       68.738412       101.10733       12.712863       2.9957323        2.9957323       12.712863                       12.712863
              1       9.2988362        68.73957      0.30666741          147.09      0.14490429        68.73957       101.10903       12.606208       2.9957323        2.9957323       12.606208                       12.606208
              1       9.2126374       68.936783      0.30361797          147.09      0.14428776       68.936783       101.39911        12.43381       2.9957323        2.9957323        12.43381                        12.43381
              2       8.5424971       68.917439      0.30196861          147.09      0.14342341       68.917439       101.37066        11.09353       2.9957323        2.9957323        11.09353                        11.09353
              1        9.989437       69.874139      0.28119693          147.09      0.13729146       69.874139       102.77787       13.987409       2.9957323        2.9957323       13.987409                       13.987409
              6       10.012128       69.891058      0.28106002          147.09      0.13729107       69.891058       102.80276       14.032792       2.9957323        2.9957323       14.032792                       14.032792
              1       9.7328737       69.892026      0.28227887          147.09      0.13789027       69.892026       102.80418       13.474283       2.9957323        2.9957323       13.474283                       13.474283
              8       9.8841148       68.932555      0.29276287          147.09      0.13911205       68.932555        101.3929       13.776765       2.9957323        2.9957323       13.776765                       13.776765
              4       10.726953       68.890802      0.29212805          147.09      0.13864229       68.890802       101.33148       15.462442       2.9957323        2.9957323       15.462442                       15.462442
              1       10.682692       68.134672      0.31662855          147.09      0.14698953       68.134672       100.21929       15.373919       2.9957323        2.9957323       15.373919                       15.373919
              4       11.218467        67.92775      0.31934656          147.09      0.14735223        67.92775       99.914928       16.445469       2.9957323        2.9957323       16.445469                       16.445469
              1       8.4815342       68.634596      0.30430291          147.09      0.14334821       68.634596       100.95463       10.971604       2.9957323        2.9957323       10.971604                       10.971604
              1        8.793736       68.617092      0.30656371          147.09      0.14433955       68.617092       100.92888       11.596007       2.9957323        2.9957323       11.596007                       11.596007
              1       9.2404164       68.382806      0.31018643          147.09      0.14504963       68.382806       100.58427       12.489368       2.9957323        2.9957323       12.489368                       12.489368
              1       8.5363239       68.685461      0.30100669          147.09       0.1420057       68.685461       101.02944       11.081183       2.9957323        2.9957323       11.081183                       11.081183
              1       8.4584087       69.430958      0.29151048          147.09      0.14052723       69.430958         102.126       10.925353       2.9957323        2.9957323       10.925353                       10.925353
              4       9.8064612        69.85565        0.287101          147.09      0.14009989        69.85565       102.75068       13.621458       2.9957323        2.9957323       13.621458                       13.621458
              3       9.6501674       69.695283      0.29059852          147.09      0.14115627       69.695283       102.51479        13.30887       2.9957323        2.9957323        13.30887                        13.30887
              1       9.5065153        69.59414      0.29244117          147.09      0.14163933        69.59414       102.36602       13.021566       2.9957323        2.9957323       13.021566                       13.021566
              2       10.081968        70.00056      0.28368235          147.09      0.13900657        70.00056       102.96382       14.172472       2.9957323        2.9957323       14.172472                       14.172472
              1       9.8174219       68.954319      0.30458973          147.09      0.14482322       68.954319       101.42491       13.643379       2.9957323        2.9957323       13.643379                       13.643379
              7       9.4320354        68.27361      0.30791921          147.09      0.14352995        68.27361       100.42365       12.872606       2.9957323        2.9957323       12.872606                       12.872606
              3       9.0992755       68.344413      0.30845569          147.09      0.14407838       68.344413        100.5278       12.207086       2.9957323        2.9957323       12.207086                       12.207086
             11       8.7647152       68.478192      0.30632177          147.09      0.14364233       68.478192       100.72457       11.537966       2.9957323        2.9957323       11.537966                       11.537966
              4       11.173649       67.942076      0.31915605          147.09      0.14732645       67.942076       99.935999       16.355834       2.9957323        2.9957323       16.355834                       16.355834
              6       8.2274874       69.038599      0.29855064          147.09      0.14229903       69.038599       101.54887        10.46351       2.9957323        2.9957323        10.46351                        10.46351
              4       10.538059       69.924098      0.27940102          147.09      0.13660976       69.924098       102.85136       15.084653       2.9957323        2.9957323       15.084653                       15.084653
              6       9.7090871       69.495681      0.28512216          147.09      0.13770401       69.495681        102.2212        13.42671       2.9957323        2.9957323        13.42671                        13.42671
              1       9.9797978       68.689513      0.30880573          147.09      0.14570224       68.689513        101.0354       13.968131       2.9957323        2.9957323       13.968131                       13.968131
              1        10.03955       68.340674      0.31317244          147.09      0.14626555       68.340674        100.5223       14.087636       2.9957323        2.9957323       14.087636                       14.087636
              1       9.8587984       69.946051       0.2843515          147.09      0.13911755       69.946051       102.88365       13.726132       2.9957323        2.9957323       13.726132                       13.726132
              2       10.591909       70.035219      0.28486591          147.09      0.13972479       70.035219        103.0148       15.192354       2.9957323        2.9957323       15.192354                       15.192354
              1       10.485246       69.991342       0.2857335          147.09      0.13997478       69.991342       102.95026       14.979028       2.9957323        2.9957323       14.979028                       14.979028
              4        8.212397       68.848705      0.30044682          147.09      0.14241612       68.848705       101.26956       10.433329       2.9957323        2.9957323       10.433329                       10.433329
              3        8.186117       69.008843      0.29863541          147.09      0.14221677       69.008843       101.50511       10.380769       2.9957323        2.9957323       10.380769                       10.380769
              7       8.7482932       69.046053      0.30069254          147.09      0.14335088       69.046053       101.55984       11.505122       2.9957323        2.9957323       11.505122                       11.505122
              2       8.6040692        69.44551      0.29245105          147.09      0.14103975        69.44551        102.1474       11.216674       2.9957323        2.9957323       11.216674                       11.216674
              3       8.4941928       69.429883      0.29203502          147.09      0.14077573       69.429883       102.12441       10.996921       2.9957323        2.9957323       10.996921                       10.996921
              2       9.3966647       69.385976      0.29635295          147.09      0.14267657       69.385976       102.05983       12.801865       2.9957323        2.9957323       12.801865                       12.801865
              1       8.2738781       68.814735      0.29984054          147.09      0.14198852       68.814735       101.21959       10.556292       2.9957323        2.9957323       10.556292                       10.556292
              2       8.5343655       68.592782      0.30428246          147.09      0.14316398       68.592782       100.89312       11.077267       2.9957323        2.9957323       11.077267                       11.077267
              5       8.7452493        69.30548      0.29609912          147.09       0.1422238        69.30548       101.94143       11.499034       2.9957323        2.9957323       11.499034                       11.499034
              2       8.7698367       69.312674      0.29604253          147.09      0.14222614       69.312674       101.95201       11.548209       2.9957323        2.9957323       11.548209                       11.548209
              2       8.4365262       69.083203      0.29897734          147.09       0.1426866       69.083203       101.61448       10.881588       2.9957323        2.9957323       10.881588                       10.881588
              1       8.4145804       69.214198      0.29652578          147.09       0.1420538       69.214198       101.80716       10.837696       2.9957323        2.9957323       10.837696                       10.837696
             10       8.2498364       69.018227      0.29903519          147.09      0.14244588       69.018227       101.51891       10.508208       2.9957323        2.9957323       10.508208                       10.508208
              1       8.5213884       69.229768      0.29156358          147.09      0.13973945       69.229768       101.83007       11.051312       2.9957323        2.9957323       11.051312                       11.051312
              2       8.6165639       69.384085      0.28947423          147.09      0.13935727       69.384085       102.05705       11.241663       2.9957323        2.9957323       11.241663                       11.241663
              4       8.5862738       69.505024      0.28930852          147.09      0.13976345       69.505024       102.23494       11.181083       2.9957323        2.9957323       11.181083                       11.181083
              1       8.8774648       69.646001      0.28747341          147.09      0.13944086       69.646001        102.4423       11.763465       2.9957323        2.9957323       11.763465                       11.763465
              2       9.0994954       68.875893      0.30425802          147.09      0.14433662       68.875893       101.30955       12.207526       2.9957323        2.9957323       12.207526                       12.207526
              4       9.6822872       68.838491      0.30609479          147.09      0.14505029       68.838491       101.25454        13.37311       2.9957323        2.9957323        13.37311                        13.37311
              3        9.350273       68.652263       0.3079374          147.09        0.145135       68.652263       100.98061       12.709081       2.9957323        2.9957323       12.709081                       12.709081
              4        8.209943       69.065581       0.2954834          147.09      0.14094719       69.065581       101.58856       10.428421       2.9957323        2.9957323       10.428421                       10.428421
              1       8.5306993       69.213967      0.29172577          147.09      0.13975337       69.213967       101.80682       11.069934       2.9957323        2.9957323       11.069934                       11.069934
              3       8.3827952       69.131281      0.29347237          147.09      0.14025438       69.131281        101.6852       10.774126       2.9957323        2.9957323       10.774126                       10.774126
              1       8.3315455       69.123081      0.29384828          147.09      0.14040072       69.123081       101.67314       10.671627       2.9957323        2.9957323       10.671627                       10.671627
              5       13.273338       67.433853      0.32384414          147.09      0.14726244       67.433853       99.188455       20.555212       2.9957323        2.9957323       20.555212                       20.555212
              1       11.375269        67.82936      0.31439783          147.09      0.14464885        67.82936       99.770206       16.759074       2.9957323        2.9957323       16.759074                       16.759074
              1       10.354826       68.124549      0.30855979          147.09      0.14320118       68.124549        100.2044       14.718187       2.9957323        2.9957323       14.718187                       14.718187
              1       9.0419324       68.750201      0.30586079          147.09      0.14456786       68.750201       101.12467         12.0924       2.9957323        2.9957323         12.0924                         12.0924
              3       8.8431215       69.388081      0.29478666          147.09       0.1419311       69.388081       102.06293       11.694778       2.9957323        2.9957323       11.694778                       11.694778
              7       8.4115079       69.374406      0.29085662          147.09      0.13998371       69.374406       102.04281       10.831551       2.9957323        2.9957323       10.831551                       10.831551
              2       8.5998069       69.467615      0.28901957          147.09      0.13947361       69.467615       102.17991       11.208149       2.9957323        2.9957323       11.208149                       11.208149
              2       8.5632094       69.440699      0.28937548          147.09      0.13953717       69.440699       102.14032       11.134954       2.9957323        2.9957323       11.134954                       11.134954
              4       8.7768059        68.89951      0.29576301          147.09      0.14040292        68.89951       101.34429       11.562147       2.9957323        2.9957323       11.562147                       11.562147
              1       9.8583032       69.155784      0.28932484          147.09      0.13837026       69.155784       101.72124       13.725142       2.9957323        2.9957323       13.725142                       13.725142
              4       10.384052       70.044544      0.27956591          147.09       0.1371617       70.044544       103.02852       14.776639       2.9957323        2.9957323       14.776639                       14.776639
              5       9.3551879       68.258466      0.31014908          147.09      0.14450522       68.258466       100.40138       12.718911       2.9957323        2.9957323       12.718911                       12.718911
              8       8.1520347       69.080837      0.29696717          147.09      0.14171755       69.080837         101.611       10.312605       2.9957323        2.9957323       10.312605                       10.312605
              1         10.6647        68.46517      0.31304557          147.09      0.14673947        68.46517       100.70542       15.337936       2.9957323        2.9957323       15.337936                       15.337936
              1       10.623472       68.359899      0.31425128          147.09      0.14685201       68.359899       100.55058        15.25548       2.9957323        2.9957323        15.25548                        15.25548
              1       9.4983441         69.8579      0.28506079          147.09      0.13911326         69.8579       102.75399       13.005224       2.9957323        2.9957323       13.005224                       13.005224
              1       9.5956532       69.881182      0.28498195          147.09       0.1391675       69.881182       102.78823       13.199842       2.9957323        2.9957323       13.199842                       13.199842
              6       9.5093404       69.842126      0.28342446          147.09      0.13825226       69.842126       102.73078       13.027216       2.9957323        2.9957323       13.027216                       13.027216
              4       8.2700089        68.96096      0.29676961          147.09      0.14113217        68.96096       101.43468       10.548553       2.9957323        2.9957323       10.548553                       10.548553
              4       8.6420446       68.681231      0.30054723          147.09      0.14177148       68.681231       101.02322       11.292625       2.9957323        2.9957323       11.292625                       11.292625
              2       8.9034508       69.167788      0.29116593          147.09      0.13929911       69.167788        101.7389       11.815437       2.9957323        2.9957323       11.815437                       11.815437
              2       8.8636679        69.11416      0.29205221          147.09      0.13950654        69.11416       101.66002       11.735871       2.9957323        2.9957323       11.735871                       11.735871
              1       9.0076395       68.432367      0.30522452          147.09       0.1429363       68.432367       100.65717       12.023814       2.9957323        2.9957323       12.023814                       12.023814
              1       9.2114975        68.39137      0.30533875          147.09      0.14281852        68.39137       100.59687        12.43153       2.9957323        2.9957323        12.43153                        12.43153
              1       9.3832394       69.157804      0.29019323          147.09      0.13879367       69.157804       101.72421       12.775014       2.9957323        2.9957323       12.775014                       12.775014
              1       9.1492233       69.721754      0.28778769          147.09      0.13989714       69.721754       102.55373       12.306982       2.9957323        2.9957323       12.306982                       12.306982
              3       8.2253867        69.10062      0.29748381          147.09      0.14204542        69.10062        101.6401       10.459309       2.9957323        2.9957323       10.459309                       10.459309
              3         9.07057        69.65566       0.2894127          147.09      0.14042047        69.65566       102.45651       12.149676       2.9957323        2.9957323       12.149676                       12.149676
              4       8.1720296       69.127439      0.29637716          147.09      0.14162687       69.127439       101.67955       10.352595       2.9957323        2.9957323       10.352595                       10.352595
              1       8.1624745       69.061286      0.29751083          147.09      0.14189664       69.061286       101.58225       10.333485       2.9957323        2.9957323       10.333485                       10.333485
              2       8.1524106       69.056658      0.29742002          147.09      0.14183431       69.056658       101.57544       10.313357       2.9957323        2.9957323       10.313357                       10.313357
              1       9.0320938        69.21212      0.29865883          147.09      0.14306706        69.21212       101.80411       12.072723       2.9957323        2.9957323       12.072723                       12.072723
              1       9.8774737       69.143271      0.30163201          147.09      0.14420399       69.143271       101.70284       13.763483       2.9957323        2.9957323       13.763483                       13.763483
              2       10.020518       68.321688      0.31330519          147.09      0.14624626       68.321688       100.49437       14.049571       2.9957323        2.9957323       14.049571                       14.049571
              1       9.9732015       68.128797      0.31414548          147.09      0.14581166       68.128797       100.21065       13.954938       2.9957323        2.9957323       13.954938                       13.954938
              4       9.9341271       68.759318      0.29565606          147.09      0.13978157       68.759318       101.13808        13.87679       2.9957323        2.9957323        13.87679                        13.87679
              3       10.032918       68.741754      0.29579614          147.09      0.13977636       68.741754       101.11225       14.074372       2.9957323        2.9957323       14.074372                       14.074372
              4       9.5151526       68.289252      0.30693706          147.09       0.1431377       68.289252       100.44666       13.038841       2.9957323        2.9957323       13.038841                       13.038841
              3       8.4324432       68.659697      0.30368657          147.09      0.14316253       68.659697       100.99155       10.873422       2.9957323        2.9957323       10.873422                       10.873422
              1       8.9077084        69.22096      0.29041529          147.09      0.13915369        69.22096       101.81711       11.823952       2.9957323        2.9957323       11.823952                       11.823952
              4       8.8118619       69.473142      0.28785475          147.09       0.1389336       69.473142       102.18805       11.632259       2.9957323        2.9957323       11.632259                       11.632259
              1       8.7389863       69.426719      0.28855419          147.09      0.13908512       69.426719       102.11976       11.486508       2.9957323        2.9957323       11.486508                       11.486508
             14       8.6773089       69.170092      0.29179359          147.09      0.13960869       69.170092       101.74229       11.363153       2.9957323        2.9957323       11.363153                       11.363153
              8       8.7639645       69.198455      0.29113249          147.09      0.13940664       69.198455       101.78401       11.536464       2.9957323        2.9957323       11.536464                       11.536464
              5       9.4503148       68.314576      0.30647231          147.09      0.14302699       68.314576       100.48391       12.909165       2.9957323        2.9957323       12.909165                       12.909165
              1       9.7528282       69.502933      0.28494867          147.09      0.13764895       69.502933       102.23186       13.514192       2.9957323        2.9957323       13.514192                       13.514192
              5        9.052452       69.468204      0.28705219          147.09      0.13852654       69.468204       102.18078       12.113439       2.9957323        2.9957323       12.113439                       12.113439
              7       9.6733624       69.621375      0.28387958          147.09      0.13760029       69.621375       102.40608        13.35526       2.9957323        2.9957323        13.35526                        13.35526
              1       9.3765543       69.743827      0.28396052          147.09      0.13812412       69.743827        102.5862       12.761644       2.9957323        2.9957323       12.761644                       12.761644
              2       8.9622992       68.424534      0.30840358          147.09      0.14439199       68.424534       100.64565       11.933134       2.9957323        2.9957323       11.933134                       11.933134
              1       9.5419723       68.217517      0.31174223          147.09      0.14507329       68.217517       100.34115        13.09248       2.9957323        2.9957323        13.09248                        13.09248
              3       12.027807       67.917497      0.32145584          147.09      0.14828071       67.917497       99.899846       18.064149       2.9957323        2.9957323       18.064149                       18.064149
              1       10.148583       68.756456      0.30816554          147.09      0.14568373       68.756456       101.13387       14.305701       2.9957323        2.9957323       14.305701                       14.305701
              5       9.4791491       68.991787      0.30334255          147.09      0.14438701       68.991787       101.48002       12.966834       2.9957323        2.9957323       12.966834                       12.966834
              7       9.9934555       68.146089      0.31427742          147.09      0.14594696       68.146089       100.23608       13.995446       2.9957323        2.9957323       13.995446                       13.995446
              1       9.7962577       68.129561      0.31252834          147.09      0.14506431       68.129561       100.21177       13.601051       2.9957323        2.9957323       13.601051                       13.601051
              1       9.7448459       69.934913       0.2832776          147.09      0.13854802       69.934913       102.86726       13.498227       2.9957323        2.9957323       13.498227                       13.498227
              5       9.5203763       68.488379      0.31029896          147.09      0.14555063       68.488379       100.73956       13.049288       2.9957323        2.9957323       13.049288                       13.049288
              1       9.5003794       68.812578       0.3061003          147.09      0.14494373       68.812578       101.21642       13.009294       2.9957323        2.9957323       13.009294                       13.009294
              3       8.4106374       68.673846      0.30260859          147.09      0.14271315       68.673846       101.01236        10.82981       2.9957323        2.9957323        10.82981                        10.82981
              1       8.6574739       68.574211      0.30323127          147.09      0.14259215       68.574211       100.86581       11.323483       2.9957323        2.9957323       11.323483                       11.323483
              2       9.7374833       68.245509      0.30728119          147.09      0.14311466       68.245509       100.38232       13.483502       2.9957323        2.9957323       13.483502                       13.483502
              5        11.72262       69.903229       0.2903398          147.09      0.14187342       69.903229       102.82066       17.453775       2.9957323        2.9957323       17.453775                       17.453775
              4       8.4397697       69.347605      0.29075389          147.09      0.13982617       69.347605       102.00339       10.888075       2.9957323        2.9957323       10.888075                       10.888075
              2       8.8671337       68.461614      0.30772398          147.09         0.14423       68.461614       100.70019       11.742803       2.9957323        2.9957323       11.742803                       11.742803
              2        9.733006       68.755469      0.29610041          147.09      0.13997598       68.755469       101.13242       13.474548       2.9957323        2.9957323       13.474548                       13.474548
              3       8.1911681       69.150319      0.29616583          147.09      0.14161959       69.150319        101.7132       10.390872       2.9957323        2.9957323       10.390872                       10.390872
              1       8.3782937       68.724126      0.30318932          147.09      0.14319648       68.724126       101.08632       10.765123       2.9957323        2.9957323       10.765123                       10.765123
              3       8.3596185       68.706696      0.30226072          147.09       0.1426855       68.706696       101.06068       10.727772       2.9957323        2.9957323       10.727772                       10.727772
              2       8.3480116       68.972939      0.29610469          147.09      0.14086489       68.972939        101.4523       10.704559       2.9957323        2.9957323       10.704559                       10.704559
              4       8.4223833       68.855574       0.2978943          147.09      0.14123437       68.855574       101.27966       10.853302       2.9957323        2.9957323       10.853302                       10.853302
             14       8.3661404       68.851739      0.29827381          147.09      0.14139855       68.851739       101.27402       10.740816       2.9957323        2.9957323       10.740816                       10.740816
              3         8.89037       69.176655       0.2989044          147.09      0.14303799       69.176655       101.75194       11.789276       2.9957323        2.9957323       11.789276                       11.789276
              2       8.4774122       69.354939      0.29045622          147.09      0.13971257       69.354939       102.01418        10.96336       2.9957323        2.9957323        10.96336                        10.96336
              1       9.2755634        69.52983      0.28579082          147.09      0.13816263        69.52983       102.27143       12.559662       2.9957323        2.9957323       12.559662                       12.559662
              1       9.2052754       69.143763      0.29077994          147.09      0.13901782       69.143763       101.70356       12.419086       2.9957323        2.9957323       12.419086                       12.419086
              1       9.4897824       69.179898      0.28965743          147.09      0.13862594       69.179898       101.75671         12.9881       2.9957323        2.9957323         12.9881                         12.9881
              2       9.7320779        68.52972      0.31036351          147.09      0.14575672        68.52972       100.80037       13.472691       2.9957323        2.9957323       13.472691                       13.472691
              1       9.1563639       68.433255      0.30954567          147.09      0.14496366       68.433255       100.65847       12.321263       2.9957323        2.9957323       12.321263                       12.321263
              1        8.287562       69.213606      0.29576263          147.09      0.14168578       69.213606       101.80629       10.583659       2.9957323        2.9957323       10.583659                       10.583659
              1       8.5712449        68.69396       0.3047978          147.09      0.14382981        68.69396       101.04195       11.151025       2.9957323        2.9957323       11.151025                       11.151025
              2       9.7871472        68.46096      0.30181525          147.09      0.14145788        68.46096       100.69923        13.58283       2.9957323        2.9957323        13.58283                        13.58283
              5       9.0066973       68.387402      0.30700854          147.09      0.14358288       68.387402       100.59103        12.02193       2.9957323        2.9957323        12.02193                        12.02193
             12       8.9513546       69.052661      0.30115474          147.09      0.14359871       69.052661       101.56956       11.911245       2.9957323        2.9957323       11.911245                       11.911245
              2       8.5274023        69.38163      0.29356356          147.09      0.14131594        69.38163       102.05344        11.06334       2.9957323        2.9957323        11.06334                        11.06334
             12       10.303014       70.057759       0.2827827          147.09      0.13879228       70.057759       103.04796       14.614563       2.9957323        2.9957323       14.614563                       14.614563
              4       10.703525       68.346375      0.31456346          147.09      0.14693973       68.346375       100.53068       15.415586       2.9957323        2.9957323       15.415586                       15.415586
              2       10.423262       68.977767      0.30525369          147.09      0.14523764       68.977767        101.4594       14.855059       2.9957323        2.9957323       14.855059                       14.855059
              1       10.218951        68.08755      0.31021596          147.09      0.14381346        68.08755       100.14998       14.446437       2.9957323        2.9957323       14.446437                       14.446437
              8       10.155994       68.108486      0.30979385          147.09      0.14370612       68.108486       100.18077       14.320524       2.9957323        2.9957323       14.320524                       14.320524
              3       12.353268       70.478536      0.27416014          147.09      0.13618148       70.478536       103.66688       18.715072       2.9957323        2.9957323       18.715072                       18.715072
              2       11.317734       69.449279       0.2830909          147.09      0.13654047       69.449279       102.15294       16.644004       2.9957323        2.9957323       16.644004                       16.644004
              1       11.618475       69.805728      0.27848763          147.09      0.13570256       69.805728       102.67725       17.245485       2.9957323        2.9957323       17.245485                       17.245485
              2       9.5037574       69.616558      0.28435552          147.09      0.13781191       69.616558       102.39899        13.01605       2.9957323        2.9957323        13.01605                        13.01605
              1       8.9482432       69.181766       0.2989728          147.09      0.14309187       69.181766       101.75946       11.905022       2.9957323        2.9957323       11.905022                       11.905022
              1       10.675042       69.040243      0.28979872          147.09      0.13813416       69.040243       101.55129       15.358619       2.9957323        2.9957323       15.358619                       15.358619
              2       11.294038       69.441373      0.28322514          147.09      0.13657411       69.441373       102.14131       16.596611       2.9957323        2.9957323       16.596611                       16.596611
              1       8.7917862       69.388648      0.28872421          147.09      0.13901449       69.388648       102.06376       11.592108       2.9957323        2.9957323       11.592108                       11.592108
              3       8.3384097        69.03155      0.29935735          147.09       0.1426544        69.03155       101.53851       10.685355       2.9957323        2.9957323       10.685355                       10.685355
              1       10.019662       68.256936      0.31385362          147.09      0.14622469       68.256936       100.39913        14.04786       2.9957323        2.9957323        14.04786                        14.04786
              1       10.043651       68.071966      0.31401593          147.09      0.14550847       68.071966       100.12705       14.095837       2.9957323        2.9957323       14.095837                       14.095837
              1       8.4848128        69.30041      0.29091624          147.09      0.13971389        69.30041       101.93397       10.978161       2.9957323        2.9957323       10.978161                       10.978161
              1       9.1158053       69.665015      0.28539828          147.09       0.1385099       69.665015       102.47027       12.240146       2.9957323        2.9957323       12.240146                       12.240146
              4       8.8816814       69.613017      0.28950255          147.09      0.14029213       69.613017       102.39379       11.771898       2.9957323        2.9957323       11.771898                       11.771898
              3       8.2519729        69.14871      0.29680034          147.09      0.14191639        69.14871       101.71084       10.512481       2.9957323        2.9957323       10.512481                       10.512481
              1       8.2451886       69.163242      0.29646035          147.09      0.14181341       69.163242       101.73221       10.498913       2.9957323        2.9957323       10.498913                       10.498913
             10       8.5826722        69.34647      0.29463436          147.09      0.14168769        69.34647       102.00172        11.17388       2.9957323        2.9957323        11.17388                        11.17388
              2       10.377913       70.037622      0.28397366          147.09      0.13929671       70.037622       103.01834       14.764362       2.9957323        2.9957323       14.764362                       14.764362
              1       11.017268       70.010951      0.27775443          147.09      0.13614226       70.010951       102.97911       16.043071       2.9957323        2.9957323       16.043071                       16.043071
              2       8.5864458       68.950237      0.29549746          147.09      0.14048348       68.950237        101.4189       11.181427       2.9957323        2.9957323       11.181427                       11.181427
              1        8.969712       69.372736      0.28833144          147.09      0.13876171       69.372736       102.04036        11.94796       2.9957323        2.9957323        11.94796                        11.94796
              3       9.5763326       69.572931      0.29306841          147.09      0.14185662       69.572931       102.33482       13.161201       2.9957323        2.9957323       13.161201                       13.161201
              1       9.8612418       69.699017      0.29107541          147.09      0.14140307       69.699017       102.52028       13.731019       2.9957323        2.9957323       13.731019                       13.731019
              2       9.9261411       69.698907      0.29123653          147.09      0.14148089       69.698907       102.52012       13.860818       2.9957323        2.9957323       13.860818                       13.860818
              1       8.5177231       69.343341      0.29032952          147.09      0.13960492       69.343341       101.99712       11.043982       2.9957323        2.9957323       11.043982                       11.043982
